t_readout_s,T_K,P_err
1.000000e-09,0.10000,5.000000e-01
1.000000e-09,0.28082,5.000000e-01
1.000000e-09,0.46164,5.000000e-01
1.000000e-09,0.64247,5.000000e-01
1.000000e-09,0.82329,5.000000e-01
1.000000e-09,1.00411,5.000000e-01
1.000000e-09,1.18493,5.000000e-01
1.000000e-09,1.36575,5.000000e-01
1.000000e-09,1.54658,5.000000e-01
1.000000e-09,1.72740,5.000000e-01
1.000000e-09,1.90822,5.000000e-01
1.000000e-09,2.08904,5.000000e-01
1.000000e-09,2.26986,5.000000e-01
1.000000e-09,2.45068,5.000000e-01
1.000000e-09,2.63151,4.999999e-01
1.000000e-09,2.81233,4.999997e-01
1.000000e-09,2.99315,4.999994e-01
1.000000e-09,3.17397,4.999986e-01
1.000000e-09,3.35479,4.999972e-01
1.000000e-09,3.53562,4.999949e-01
1.000000e-09,3.71644,4.999910e-01
1.000000e-09,3.89726,4.999851e-01
1.000000e-09,4.07808,4.999764e-01
1.000000e-09,4.25890,4.999640e-01
1.000000e-09,4.43973,4.999469e-01
1.000000e-09,4.62055,4.999242e-01
1.000000e-09,4.80137,4.998945e-01
1.000000e-09,4.98219,4.998567e-01
1.000000e-09,5.16301,4.998096e-01
1.000000e-09,5.34384,4.997519e-01
1.000000e-09,5.52466,4.996822e-01
1.000000e-09,5.70548,4.995994e-01
1.000000e-09,5.88630,4.995024e-01
1.000000e-09,6.06712,4.993898e-01
1.000000e-09,6.24795,4.992609e-01
1.000000e-09,6.42877,4.991144e-01
1.000000e-09,6.60959,4.989497e-01
1.000000e-09,6.79041,4.987659e-01
1.000000e-09,6.97123,4.985624e-01
1.000000e-09,7.15205,4.983386e-01
1.000000e-09,7.33288,4.980942e-01
1.000000e-09,7.51370,4.978288e-01
1.000000e-09,7.69452,4.975422e-01
1.000000e-09,7.87534,4.972343e-01
1.000000e-09,8.05616,4.969051e-01
1.000000e-09,8.23699,4.965547e-01
1.000000e-09,8.41781,4.961832e-01
1.000000e-09,8.59863,4.957909e-01
1.000000e-09,8.77945,4.953782e-01
1.000000e-09,8.96027,4.949455e-01
1.000000e-09,9.14110,4.944932e-01
1.000000e-09,9.32192,4.940218e-01
1.000000e-09,9.50274,4.935320e-01
1.000000e-09,9.68356,4.930243e-01
1.000000e-09,9.86438,4.924995e-01
1.342313e-09,0.10000,5.000000e-01
1.342313e-09,0.28082,5.000000e-01
1.342313e-09,0.46164,5.000000e-01
1.342313e-09,0.64247,5.000000e-01
1.342313e-09,0.82329,5.000000e-01
1.342313e-09,1.00411,5.000000e-01
1.342313e-09,1.18493,5.000000e-01
1.342313e-09,1.36575,5.000000e-01
1.342313e-09,1.54658,5.000000e-01
1.342313e-09,1.72740,5.000000e-01
1.342313e-09,1.90822,5.000000e-01
1.342313e-09,2.08904,5.000000e-01
1.342313e-09,2.26986,5.000000e-01
1.342313e-09,2.45068,5.000000e-01
1.342313e-09,2.63151,4.999999e-01
1.342313e-09,2.81233,4.999996e-01
1.342313e-09,2.99315,4.999991e-01
1.342313e-09,3.17397,4.999981e-01
1.342313e-09,3.35479,4.999963e-01
1.342313e-09,3.53562,4.999931e-01
1.342313e-09,3.71644,4.999880e-01
1.342313e-09,3.89726,4.999800e-01
1.342313e-09,4.07808,4.999683e-01
1.342313e-09,4.25890,4.999517e-01
1.342313e-09,4.43973,4.999288e-01
1.342313e-09,4.62055,4.998982e-01
1.342313e-09,4.80137,4.998584e-01
1.342313e-09,4.98219,4.998077e-01
1.342313e-09,5.16301,4.997444e-01
1.342313e-09,5.34384,4.996669e-01
1.342313e-09,5.52466,4.995735e-01
1.342313e-09,5.70548,4.994624e-01
1.342313e-09,5.88630,4.993321e-01
1.342313e-09,6.06712,4.991812e-01
1.342313e-09,6.24795,4.990081e-01
1.342313e-09,6.42877,4.988116e-01
1.342313e-09,6.60959,4.985907e-01
1.342313e-09,6.79041,4.983442e-01
1.342313e-09,6.97123,4.980713e-01
1.342313e-09,7.15205,4.977713e-01
1.342313e-09,7.33288,4.974436e-01
1.342313e-09,7.51370,4.970879e-01
1.342313e-09,7.69452,4.967039e-01
1.342313e-09,7.87534,4.962914e-01
1.342313e-09,8.05616,4.958504e-01
1.342313e-09,8.23699,4.953812e-01
1.342313e-09,8.41781,4.948840e-01
1.342313e-09,8.59863,4.943591e-01
1.342313e-09,8.77945,4.938070e-01
1.342313e-09,8.96027,4.932284e-01
1.342313e-09,9.14110,4.926238e-01
1.342313e-09,9.32192,4.919940e-01
1.342313e-09,9.50274,4.913399e-01
1.342313e-09,9.68356,4.906622e-01
1.342313e-09,9.86438,4.899619e-01
1.801805e-09,0.10000,5.000000e-01
1.801805e-09,0.28082,5.000000e-01
1.801805e-09,0.46164,5.000000e-01
1.801805e-09,0.64247,5.000000e-01
1.801805e-09,0.82329,5.000000e-01
1.801805e-09,1.00411,5.000000e-01
1.801805e-09,1.18493,5.000000e-01
1.801805e-09,1.36575,5.000000e-01
1.801805e-09,1.54658,5.000000e-01
1.801805e-09,1.72740,5.000000e-01
1.801805e-09,1.90822,5.000000e-01
1.801805e-09,2.08904,5.000000e-01
1.801805e-09,2.26986,5.000000e-01
1.801805e-09,2.45068,4.999999e-01
1.801805e-09,2.63151,4.999998e-01
1.801805e-09,2.81233,4.999995e-01
1.801805e-09,2.99315,4.999988e-01
1.801805e-09,3.17397,4.999975e-01
1.801805e-09,3.35479,4.999950e-01
1.801805e-09,3.53562,4.999908e-01
1.801805e-09,3.71644,4.999839e-01
1.801805e-09,3.89726,4.999732e-01
1.801805e-09,4.07808,4.999575e-01
1.801805e-09,4.25890,4.999351e-01
1.801805e-09,4.43973,4.999044e-01
1.801805e-09,4.62055,4.998634e-01
1.801805e-09,4.80137,4.998099e-01
1.801805e-09,4.98219,4.997419e-01
1.801805e-09,5.16301,4.996570e-01
1.801805e-09,5.34384,4.995530e-01
1.801805e-09,5.52466,4.994275e-01
1.801805e-09,5.70548,4.992785e-01
1.801805e-09,5.88630,4.991037e-01
1.801805e-09,6.06712,4.989012e-01
1.801805e-09,6.24795,4.986690e-01
1.801805e-09,6.42877,4.984055e-01
1.801805e-09,6.60959,4.981092e-01
1.801805e-09,6.79041,4.977787e-01
1.801805e-09,6.97123,4.974128e-01
1.801805e-09,7.15205,4.970108e-01
1.801805e-09,7.33288,4.965717e-01
1.801805e-09,7.51370,4.960952e-01
1.801805e-09,7.69452,4.955809e-01
1.801805e-09,7.87534,4.950287e-01
1.801805e-09,8.05616,4.944386e-01
1.801805e-09,8.23699,4.938108e-01
1.801805e-09,8.41781,4.931459e-01
1.801805e-09,8.59863,4.924443e-01
1.801805e-09,8.77945,4.917067e-01
1.801805e-09,8.96027,4.909339e-01
1.801805e-09,9.14110,4.901270e-01
1.801805e-09,9.32192,4.892869e-01
1.801805e-09,9.50274,4.884148e-01
1.801805e-09,9.68356,4.875119e-01
1.801805e-09,9.86438,4.865794e-01
2.418587e-09,0.10000,5.000000e-01
2.418587e-09,0.28082,5.000000e-01
2.418587e-09,0.46164,5.000000e-01
2.418587e-09,0.64247,5.000000e-01
2.418587e-09,0.82329,5.000000e-01
2.418587e-09,1.00411,5.000000e-01
2.418587e-09,1.18493,5.000000e-01
2.418587e-09,1.36575,5.000000e-01
2.418587e-09,1.54658,5.000000e-01
2.418587e-09,1.72740,5.000000e-01
2.418587e-09,1.90822,5.000000e-01
2.418587e-09,2.08904,5.000000e-01
2.418587e-09,2.26986,5.000000e-01
2.418587e-09,2.45068,4.999999e-01
2.418587e-09,2.63151,4.999998e-01
2.418587e-09,2.81233,4.999994e-01
2.418587e-09,2.99315,4.999985e-01
2.418587e-09,3.17397,4.999967e-01
2.418587e-09,3.35479,4.999933e-01
2.418587e-09,3.53562,4.999876e-01
2.418587e-09,3.71644,4.999783e-01
2.418587e-09,3.89726,4.999640e-01
2.418587e-09,4.07808,4.999429e-01
2.418587e-09,4.25890,4.999129e-01
2.418587e-09,4.43973,4.998717e-01
2.418587e-09,4.62055,4.998166e-01
2.418587e-09,4.80137,4.997449e-01
2.418587e-09,4.98219,4.996536e-01
2.418587e-09,5.16301,4.995396e-01
2.418587e-09,5.34384,4.994000e-01
2.418587e-09,5.52466,4.992317e-01
2.418587e-09,5.70548,4.990318e-01
2.418587e-09,5.88630,4.987973e-01
2.418587e-09,6.06712,4.985256e-01
2.418587e-09,6.24795,4.982142e-01
2.418587e-09,6.42877,4.978609e-01
2.418587e-09,6.60959,4.974636e-01
2.418587e-09,6.79041,4.970206e-01
2.418587e-09,6.97123,4.965304e-01
2.418587e-09,7.15205,4.959918e-01
2.418587e-09,7.33288,4.954039e-01
2.418587e-09,7.51370,4.947660e-01
2.418587e-09,7.69452,4.940778e-01
2.418587e-09,7.87534,4.933391e-01
2.418587e-09,8.05616,4.925502e-01
2.418587e-09,8.23699,4.917114e-01
2.418587e-09,8.41781,4.908233e-01
2.418587e-09,8.59863,4.898869e-01
2.418587e-09,8.77945,4.889029e-01
2.418587e-09,8.96027,4.878728e-01
2.418587e-09,9.14110,4.867979e-01
2.418587e-09,9.32192,4.856796e-01
2.418587e-09,9.50274,4.845196e-01
2.418587e-09,9.68356,4.833197e-01
2.418587e-09,9.86438,4.820816e-01
3.246501e-09,0.10000,5.000000e-01
3.246501e-09,0.28082,5.000000e-01
3.246501e-09,0.46164,5.000000e-01
3.246501e-09,0.64247,5.000000e-01
3.246501e-09,0.82329,5.000000e-01
3.246501e-09,1.00411,5.000000e-01
3.246501e-09,1.18493,5.000000e-01
3.246501e-09,1.36575,5.000000e-01
3.246501e-09,1.54658,5.000000e-01
3.246501e-09,1.72740,5.000000e-01
3.246501e-09,1.90822,5.000000e-01
3.246501e-09,2.08904,5.000000e-01
3.246501e-09,2.26986,5.000000e-01
3.246501e-09,2.45068,4.999999e-01
3.246501e-09,2.63151,4.999997e-01
3.246501e-09,2.81233,4.999991e-01
3.246501e-09,2.99315,4.999979e-01
3.246501e-09,3.17397,4.999955e-01
3.246501e-09,3.35479,4.999910e-01
3.246501e-09,3.53562,4.999834e-01
3.246501e-09,3.71644,4.999709e-01
3.246501e-09,3.89726,4.999517e-01
3.246501e-09,4.07808,4.999234e-01
3.246501e-09,4.25890,4.998831e-01
3.246501e-09,4.43973,4.998278e-01
3.246501e-09,4.62055,4.997539e-01
3.246501e-09,4.80137,4.996576e-01
3.246501e-09,4.98219,4.995350e-01
3.246501e-09,5.16301,4.993822e-01
3.246501e-09,5.34384,4.991948e-01
3.246501e-09,5.52466,4.989690e-01
3.246501e-09,5.70548,4.987008e-01
3.246501e-09,5.88630,4.983863e-01
3.246501e-09,6.06712,4.980219e-01
3.246501e-09,6.24795,4.976045e-01
3.246501e-09,6.42877,4.971309e-01
3.246501e-09,6.60959,4.965985e-01
3.246501e-09,6.79041,4.960050e-01
3.246501e-09,6.97123,4.953486e-01
3.246501e-09,7.15205,4.946276e-01
3.246501e-09,7.33288,4.938409e-01
3.246501e-09,7.51370,4.929878e-01
3.246501e-09,7.69452,4.920678e-01
3.246501e-09,7.87534,4.910810e-01
3.246501e-09,8.05616,4.900277e-01
3.246501e-09,8.23699,4.889086e-01
3.246501e-09,8.41781,4.877246e-01
3.246501e-09,8.59863,4.864770e-01
3.246501e-09,8.77945,4.851674e-01
3.246501e-09,8.96027,4.837974e-01
3.246501e-09,9.14110,4.823692e-01
3.246501e-09,9.32192,4.808849e-01
3.246501e-09,9.50274,4.793468e-01
3.246501e-09,9.68356,4.777576e-01
3.246501e-09,9.86438,4.761198e-01
4.357821e-09,0.10000,5.000000e-01
4.357821e-09,0.28082,5.000000e-01
4.357821e-09,0.46164,5.000000e-01
4.357821e-09,0.64247,5.000000e-01
4.357821e-09,0.82329,5.000000e-01
4.357821e-09,1.00411,5.000000e-01
4.357821e-09,1.18493,5.000000e-01
4.357821e-09,1.36575,5.000000e-01
4.357821e-09,1.54658,5.000000e-01
4.357821e-09,1.72740,5.000000e-01
4.357821e-09,1.90822,5.000000e-01
4.357821e-09,2.08904,5.000000e-01
4.357821e-09,2.26986,5.000000e-01
4.357821e-09,2.45068,4.999999e-01
4.357821e-09,2.63151,4.999996e-01
4.357821e-09,2.81233,4.999988e-01
4.357821e-09,2.99315,4.999972e-01
4.357821e-09,3.17397,4.999940e-01
4.357821e-09,3.35479,4.999880e-01
4.357821e-09,3.53562,4.999777e-01
4.357821e-09,3.71644,4.999610e-01
4.357821e-09,3.89726,4.999352e-01
4.357821e-09,4.07808,4.998972e-01
4.357821e-09,4.25890,4.998431e-01
4.357821e-09,4.43973,4.997689e-01
4.357821e-09,4.62055,4.996696e-01
4.357821e-09,4.80137,4.995404e-01
4.357821e-09,4.98219,4.993760e-01
4.357821e-09,5.16301,4.991708e-01
4.357821e-09,5.34384,4.989195e-01
4.357821e-09,5.52466,4.986166e-01
4.357821e-09,5.70548,4.982568e-01
4.357821e-09,5.88630,4.978351e-01
4.357821e-09,6.06712,4.973467e-01
4.357821e-09,6.24795,4.967872e-01
4.357821e-09,6.42877,4.961526e-01
4.357821e-09,6.60959,4.954396e-01
4.357821e-09,6.79041,4.946452e-01
4.357821e-09,6.97123,4.937668e-01
4.357821e-09,7.15205,4.928025e-01
4.357821e-09,7.33288,4.917511e-01
4.357821e-09,7.51370,4.906115e-01
4.357821e-09,7.69452,4.893836e-01
4.357821e-09,7.87534,4.880675e-01
4.357821e-09,8.05616,4.866638e-01
4.357821e-09,8.23699,4.851737e-01
4.357821e-09,8.41781,4.835989e-01
4.357821e-09,8.59863,4.819411e-01
4.357821e-09,8.77945,4.802029e-01
4.357821e-09,8.96027,4.783868e-01
4.357821e-09,9.14110,4.764959e-01
4.357821e-09,9.32192,4.745333e-01
4.357821e-09,9.50274,4.725027e-01
4.357821e-09,9.68356,4.704076e-01
4.357821e-09,9.86438,4.682519e-01
5.849561e-09,0.10000,5.000000e-01
5.849561e-09,0.28082,5.000000e-01
5.849561e-09,0.46164,5.000000e-01
5.849561e-09,0.64247,5.000000e-01
5.849561e-09,0.82329,5.000000e-01
5.849561e-09,1.00411,5.000000e-01
5.849561e-09,1.18493,5.000000e-01
5.849561e-09,1.36575,5.000000e-01
5.849561e-09,1.54658,5.000000e-01
5.849561e-09,1.72740,5.000000e-01
5.849561e-09,1.90822,5.000000e-01
5.849561e-09,2.08904,5.000000e-01
5.849561e-09,2.26986,5.000000e-01
5.849561e-09,2.45068,4.999998e-01
5.849561e-09,2.63151,4.999994e-01
5.849561e-09,2.81233,4.999984e-01
5.849561e-09,2.99315,4.999963e-01
5.849561e-09,3.17397,4.999919e-01
5.849561e-09,3.35479,4.999839e-01
5.849561e-09,3.53562,4.999700e-01
5.849561e-09,3.71644,4.999476e-01
5.849561e-09,3.89726,4.999130e-01
5.849561e-09,4.07808,4.998620e-01
5.849561e-09,4.25890,4.997895e-01
5.849561e-09,4.43973,4.996898e-01
5.849561e-09,4.62055,4.995566e-01
5.849561e-09,4.80137,4.993832e-01
5.849561e-09,4.98219,4.991625e-01
5.849561e-09,5.16301,4.988873e-01
5.849561e-09,5.34384,4.985502e-01
5.849561e-09,5.52466,4.981440e-01
5.849561e-09,5.70548,4.976615e-01
5.849561e-09,5.88630,4.970962e-01
5.849561e-09,6.06712,4.964417e-01
5.849561e-09,6.24795,4.956923e-01
5.849561e-09,6.42877,4.948427e-01
5.849561e-09,6.60959,4.938885e-01
5.849561e-09,6.79041,4.928259e-01
5.849561e-09,6.97123,4.916518e-01
5.849561e-09,7.15205,4.903639e-01
5.849561e-09,7.33288,4.889606e-01
5.849561e-09,7.51370,4.874410e-01
5.849561e-09,7.69452,4.858051e-01
5.849561e-09,7.87534,4.840536e-01
5.849561e-09,8.05616,4.821877e-01
5.849561e-09,8.23699,4.802093e-01
5.849561e-09,8.41781,4.781210e-01
5.849561e-09,8.59863,4.759260e-01
5.849561e-09,8.77945,4.736278e-01
5.849561e-09,8.96027,4.712306e-01
5.849561e-09,9.14110,4.687389e-01
5.849561e-09,9.32192,4.661575e-01
5.849561e-09,9.50274,4.634917e-01
5.849561e-09,9.68356,4.607469e-01
5.849561e-09,9.86438,4.579288e-01
7.851944e-09,0.10000,5.000000e-01
7.851944e-09,0.28082,5.000000e-01
7.851944e-09,0.46164,5.000000e-01
7.851944e-09,0.64247,5.000000e-01
7.851944e-09,0.82329,5.000000e-01
7.851944e-09,1.00411,5.000000e-01
7.851944e-09,1.18493,5.000000e-01
7.851944e-09,1.36575,5.000000e-01
7.851944e-09,1.54658,5.000000e-01
7.851944e-09,1.72740,5.000000e-01
7.851944e-09,1.90822,5.000000e-01
7.851944e-09,2.08904,5.000000e-01
7.851944e-09,2.26986,4.999999e-01
7.851944e-09,2.45068,4.999998e-01
7.851944e-09,2.63151,4.999992e-01
7.851944e-09,2.81233,4.999979e-01
7.851944e-09,2.99315,4.999950e-01
7.851944e-09,3.17397,4.999891e-01
7.851944e-09,3.35479,4.999783e-01
7.851944e-09,3.53562,4.999598e-01
7.851944e-09,3.71644,4.999297e-01
7.851944e-09,3.89726,4.998832e-01
7.851944e-09,4.07808,4.998147e-01
7.851944e-09,4.25890,4.997174e-01
7.851944e-09,4.43973,4.995836e-01
7.851944e-09,4.62055,4.994049e-01
7.851944e-09,4.80137,4.991722e-01
7.851944e-09,4.98219,4.988762e-01
7.851944e-09,5.16301,4.985070e-01
7.851944e-09,5.34384,4.980549e-01
7.851944e-09,5.52466,4.975102e-01
7.851944e-09,5.70548,4.968636e-01
7.851944e-09,5.88630,4.961062e-01
7.851944e-09,6.06712,4.952296e-01
7.851944e-09,6.24795,4.942265e-01
7.851944e-09,6.42877,4.930900e-01
7.851944e-09,6.60959,4.918144e-01
7.851944e-09,6.79041,4.903949e-01
7.851944e-09,6.97123,4.888278e-01
7.851944e-09,7.15205,4.871105e-01
7.851944e-09,7.33288,4.852412e-01
7.851944e-09,7.51370,4.832195e-01
7.851944e-09,7.69452,4.810458e-01
7.851944e-09,7.87534,4.787216e-01
7.851944e-09,8.05616,4.762494e-01
7.851944e-09,8.23699,4.736326e-01
7.851944e-09,8.41781,4.708752e-01
7.851944e-09,8.59863,4.679823e-01
7.851944e-09,8.77945,4.649597e-01
7.851944e-09,8.96027,4.618137e-01
7.851944e-09,9.14110,4.585511e-01
7.851944e-09,9.32192,4.551795e-01
7.851944e-09,9.50274,4.517066e-01
7.851944e-09,9.68356,4.481407e-01
7.851944e-09,9.86438,4.444903e-01
1.053977e-08,0.10000,5.000000e-01
1.053977e-08,0.28082,5.000000e-01
1.053977e-08,0.46164,5.000000e-01
1.053977e-08,0.64247,5.000000e-01
1.053977e-08,0.82329,5.000000e-01
1.053977e-08,1.00411,5.000000e-01
1.053977e-08,1.18493,5.000000e-01
1.053977e-08,1.36575,5.000000e-01
1.053977e-08,1.54658,5.000000e-01
1.053977e-08,1.72740,5.000000e-01
1.053977e-08,1.90822,5.000000e-01
1.053977e-08,2.08904,5.000000e-01
1.053977e-08,2.26986,4.999999e-01
1.053977e-08,2.45068,4.999997e-01
1.053977e-08,2.63151,4.999990e-01
1.053977e-08,2.81233,4.999972e-01
1.053977e-08,2.99315,4.999933e-01
1.053977e-08,3.17397,4.999854e-01
1.053977e-08,3.35479,4.999709e-01
1.053977e-08,3.53562,4.999460e-01
1.053977e-08,3.71644,4.999056e-01
1.053977e-08,3.89726,4.998433e-01
1.053977e-08,4.07808,4.997513e-01
1.053977e-08,4.25890,4.996207e-01
1.053977e-08,4.43973,4.994411e-01
1.053977e-08,4.62055,4.992013e-01
1.053977e-08,4.80137,4.988892e-01
1.053977e-08,4.98219,4.984921e-01
1.053977e-08,5.16301,4.979970e-01
1.053977e-08,5.34384,4.973908e-01
1.053977e-08,5.52466,4.966608e-01
1.053977e-08,5.70548,4.957946e-01
1.053977e-08,5.88630,4.947804e-01
1.053977e-08,6.06712,4.936074e-01
1.053977e-08,6.24795,4.922659e-01
1.053977e-08,6.42877,4.907474e-01
1.053977e-08,6.60959,4.890445e-01
1.053977e-08,6.79041,4.871514e-01
1.053977e-08,6.97123,4.850639e-01
1.053977e-08,7.15205,4.827792e-01
1.053977e-08,7.33288,4.802959e-01
1.053977e-08,7.51370,4.776142e-01
1.053977e-08,7.69452,4.747359e-01
1.053977e-08,7.87534,4.716641e-01
1.053977e-08,8.05616,4.684033e-01
1.053977e-08,8.23699,4.649592e-01
1.053977e-08,8.41781,4.613389e-01
1.053977e-08,8.59863,4.575504e-01
1.053977e-08,8.77945,4.536028e-01
1.053977e-08,8.96027,4.495060e-01
1.053977e-08,9.14110,4.452708e-01
1.053977e-08,9.32192,4.409084e-01
1.053977e-08,9.50274,4.364310e-01
1.053977e-08,9.68356,4.318507e-01
1.053977e-08,9.86438,4.271804e-01
1.414767e-08,0.10000,5.000000e-01
1.414767e-08,0.28082,5.000000e-01
1.414767e-08,0.46164,5.000000e-01
1.414767e-08,0.64247,5.000000e-01
1.414767e-08,0.82329,5.000000e-01
1.414767e-08,1.00411,5.000000e-01
1.414767e-08,1.18493,5.000000e-01
1.414767e-08,1.36575,5.000000e-01
1.414767e-08,1.54658,5.000000e-01
1.414767e-08,1.72740,5.000000e-01
1.414767e-08,1.90822,5.000000e-01
1.414767e-08,2.08904,5.000000e-01
1.414767e-08,2.26986,4.999999e-01
1.414767e-08,2.45068,4.999996e-01
1.414767e-08,2.63151,4.999986e-01
1.414767e-08,2.81233,4.999962e-01
1.414767e-08,2.99315,4.999910e-01
1.414767e-08,3.17397,4.999804e-01
1.414767e-08,3.35479,4.999610e-01
1.414767e-08,3.53562,4.999275e-01
1.414767e-08,3.71644,4.998733e-01
1.414767e-08,3.89726,4.997896e-01
1.414767e-08,4.07808,4.996663e-01
1.414767e-08,4.25890,4.994910e-01
1.414767e-08,4.43973,4.992500e-01
1.414767e-08,4.62055,4.989282e-01
1.414767e-08,4.80137,4.985095e-01
1.414767e-08,4.98219,4.979770e-01
1.414767e-08,5.16301,4.973132e-01
1.414767e-08,5.34384,4.965009e-01
1.414767e-08,5.52466,4.955230e-01
1.414767e-08,5.70548,4.943634e-01
1.414767e-08,5.88630,4.930065e-01
1.414767e-08,6.06712,4.914385e-01
1.414767e-08,6.24795,4.896469e-01
1.414767e-08,6.42877,4.876210e-01
1.414767e-08,6.60959,4.853518e-01
1.414767e-08,6.79041,4.828329e-01
1.414767e-08,6.97123,4.800594e-01
1.414767e-08,7.15205,4.770291e-01
1.414767e-08,7.33288,4.737416e-01
1.414767e-08,7.51370,4.701991e-01
1.414767e-08,7.69452,4.664056e-01
1.414767e-08,7.87534,4.623672e-01
1.414767e-08,8.05616,4.580921e-01
1.414767e-08,8.23699,4.535901e-01
1.414767e-08,8.41781,4.488729e-01
1.414767e-08,8.59863,4.439535e-01
1.414767e-08,8.77945,4.388465e-01
1.414767e-08,8.96027,4.335674e-01
1.414767e-08,9.14110,4.281329e-01
1.414767e-08,9.32192,4.225606e-01
1.414767e-08,9.50274,4.168686e-01
1.414767e-08,9.68356,4.110755e-01
1.414767e-08,9.86438,4.052003e-01
1.899061e-08,0.10000,5.000000e-01
1.899061e-08,0.28082,5.000000e-01
1.899061e-08,0.46164,5.000000e-01
1.899061e-08,0.64247,5.000000e-01
1.899061e-08,0.82329,5.000000e-01
1.899061e-08,1.00411,5.000000e-01
1.899061e-08,1.18493,5.000000e-01
1.899061e-08,1.36575,5.000000e-01
1.899061e-08,1.54658,5.000000e-01
1.899061e-08,1.72740,5.000000e-01
1.899061e-08,1.90822,5.000000e-01
1.899061e-08,2.08904,5.000000e-01
1.899061e-08,2.26986,4.999998e-01
1.899061e-08,2.45068,4.999994e-01
1.899061e-08,2.63151,4.999981e-01
1.899061e-08,2.81233,4.999949e-01
1.899061e-08,2.99315,4.999879e-01
1.899061e-08,3.17397,4.999737e-01
1.899061e-08,3.35479,4.999476e-01
1.899061e-08,3.53562,4.999027e-01
1.899061e-08,3.71644,4.998299e-01
1.899061e-08,3.89726,4.997176e-01
1.899061e-08,4.07808,4.995521e-01
1.899061e-08,4.25890,4.993168e-01
1.899061e-08,4.43973,4.989935e-01
1.899061e-08,4.62055,4.985619e-01
1.899061e-08,4.80137,4.980004e-01
1.899061e-08,4.98219,4.972864e-01
1.899061e-08,5.16301,4.963968e-01
1.899061e-08,5.34384,4.953088e-01
1.899061e-08,5.52466,4.939999e-01
1.899061e-08,5.70548,4.924488e-01
1.899061e-08,5.88630,4.906357e-01
1.899061e-08,6.06712,4.885426e-01
1.899061e-08,6.24795,4.861540e-01
1.899061e-08,6.42877,4.834568e-01
1.899061e-08,6.60959,4.804408e-01
1.899061e-08,6.79041,4.770989e-01
1.899061e-08,6.97123,4.734269e-01
1.899061e-08,7.15205,4.694242e-01
1.899061e-08,7.33288,4.650930e-01
1.899061e-08,7.51370,4.604389e-01
1.899061e-08,7.69452,4.554704e-01
1.899061e-08,7.87534,4.501993e-01
1.899061e-08,8.05616,4.446396e-01
1.899061e-08,8.23699,4.388084e-01
1.899061e-08,8.41781,4.327248e-01
1.899061e-08,8.59863,4.264099e-01
1.899061e-08,8.77945,4.198870e-01
1.899061e-08,8.96027,4.131805e-01
1.899061e-08,9.14110,4.063162e-01
1.899061e-08,9.32192,3.993209e-01
1.899061e-08,9.50274,3.922220e-01
1.899061e-08,9.68356,3.850472e-01
1.899061e-08,9.86438,3.778245e-01
2.549134e-08,0.10000,5.000000e-01
2.549134e-08,0.28082,5.000000e-01
2.549134e-08,0.46164,5.000000e-01
2.549134e-08,0.64247,5.000000e-01
2.549134e-08,0.82329,5.000000e-01
2.549134e-08,1.00411,5.000000e-01
2.549134e-08,1.18493,5.000000e-01
2.549134e-08,1.36575,5.000000e-01
2.549134e-08,1.54658,5.000000e-01
2.549134e-08,1.72740,5.000000e-01
2.549134e-08,1.90822,5.000000e-01
2.549134e-08,2.08904,5.000000e-01
2.549134e-08,2.26986,4.999998e-01
2.549134e-08,2.45068,4.999992e-01
2.549134e-08,2.63151,4.999975e-01
2.549134e-08,2.81233,4.999932e-01
2.549134e-08,2.99315,4.999837e-01
2.549134e-08,3.17397,4.999647e-01
2.549134e-08,3.35479,4.999297e-01
2.549134e-08,3.53562,4.998694e-01
2.549134e-08,3.71644,4.997716e-01
2.549134e-08,3.89726,4.996210e-01
2.549134e-08,4.07808,4.993988e-01
2.549134e-08,4.25890,4.990832e-01
2.549134e-08,4.43973,4.986494e-01
2.549134e-08,4.62055,4.980706e-01
2.549134e-08,4.80137,4.973177e-01
2.549134e-08,4.98219,4.963609e-01
2.549134e-08,5.16301,4.951695e-01
2.549134e-08,5.34384,4.937132e-01
2.549134e-08,5.52466,4.919629e-01
2.549134e-08,5.70548,4.898908e-01
2.549134e-08,5.88630,4.874716e-01
2.549134e-08,6.06712,4.846829e-01
2.549134e-08,6.24795,4.815057e-01
2.549134e-08,6.42877,4.779250e-01
2.549134e-08,6.60959,4.739299e-01
2.549134e-08,6.79041,4.695139e-01
2.549134e-08,6.97123,4.646754e-01
2.549134e-08,7.15205,4.594173e-01
2.549134e-08,7.33288,4.537474e-01
2.549134e-08,7.51370,4.476779e-01
2.549134e-08,7.69452,4.412256e-01
2.549134e-08,7.87534,4.344113e-01
2.549134e-08,8.05616,4.272599e-01
2.549134e-08,8.23699,4.197997e-01
2.549134e-08,8.41781,4.120620e-01
2.549134e-08,8.59863,4.040810e-01
2.549134e-08,8.77945,3.958930e-01
2.549134e-08,8.96027,3.875360e-01
2.549134e-08,9.14110,3.790493e-01
2.549134e-08,9.32192,3.704733e-01
2.549134e-08,9.50274,3.618483e-01
2.549134e-08,9.68356,3.532149e-01
2.549134e-08,9.86438,3.446131e-01
3.421737e-08,0.10000,5.000000e-01
3.421737e-08,0.28082,5.000000e-01
3.421737e-08,0.46164,5.000000e-01
3.421737e-08,0.64247,5.000000e-01
3.421737e-08,0.82329,5.000000e-01
3.421737e-08,1.00411,5.000000e-01
3.421737e-08,1.18493,5.000000e-01
3.421737e-08,1.36575,5.000000e-01
3.421737e-08,1.54658,5.000000e-01
3.421737e-08,1.72740,5.000000e-01
3.421737e-08,1.90822,5.000000e-01
3.421737e-08,2.08904,4.999999e-01
3.421737e-08,2.26986,4.999997e-01
3.421737e-08,2.45068,4.999989e-01
3.421737e-08,2.63151,4.999966e-01
3.421737e-08,2.81233,4.999909e-01
3.421737e-08,2.99315,4.999781e-01
3.421737e-08,3.17397,4.999526e-01
3.421737e-08,3.35479,4.999056e-01
3.421737e-08,3.53562,4.998247e-01
3.421737e-08,3.71644,4.996935e-01
3.421737e-08,3.89726,4.994914e-01
3.421737e-08,4.07808,4.991932e-01
3.421737e-08,4.25890,4.987697e-01
3.421737e-08,4.43973,4.981880e-01
3.421737e-08,4.62055,4.974118e-01
3.421737e-08,4.80137,4.964029e-01
3.421737e-08,4.98219,4.951213e-01
3.421737e-08,5.16301,4.935268e-01
3.421737e-08,5.34384,4.915797e-01
3.421737e-08,5.52466,4.892420e-01
3.421737e-08,5.70548,4.864784e-01
3.421737e-08,5.88630,4.832572e-01
3.421737e-08,6.06712,4.795512e-01
3.421737e-08,6.24795,4.753384e-01
3.421737e-08,6.42877,4.706027e-01
3.421737e-08,6.60959,4.653345e-01
3.421737e-08,6.79041,4.595307e-01
3.421737e-08,6.97123,4.531954e-01
3.421737e-08,7.15205,4.463394e-01
3.421737e-08,7.33288,4.389807e-01
3.421737e-08,7.51370,4.311437e-01
3.421737e-08,7.69452,4.228594e-01
3.421737e-08,7.87534,4.141643e-01
3.421737e-08,8.05616,4.051003e-01
3.421737e-08,8.23699,3.957142e-01
3.421737e-08,8.41781,3.860562e-01
3.421737e-08,8.59863,3.761800e-01
3.421737e-08,8.77945,3.661417e-01
3.421737e-08,8.96027,3.559987e-01
3.421737e-08,9.14110,3.458095e-01
3.421737e-08,9.32192,3.356324e-01
3.421737e-08,9.50274,3.255253e-01
3.421737e-08,9.68356,3.155446e-01
3.421737e-08,9.86438,3.057448e-01
4.593042e-08,0.10000,5.000000e-01
4.593042e-08,0.28082,5.000000e-01
4.593042e-08,0.46164,5.000000e-01
4.593042e-08,0.64247,5.000000e-01
4.593042e-08,0.82329,5.000000e-01
4.593042e-08,1.00411,5.000000e-01
4.593042e-08,1.18493,5.000000e-01
4.593042e-08,1.36575,5.000000e-01
4.593042e-08,1.54658,5.000000e-01
4.593042e-08,1.72740,5.000000e-01
4.593042e-08,1.90822,5.000000e-01
4.593042e-08,2.08904,4.999999e-01
4.593042e-08,2.26986,4.999996e-01
4.593042e-08,2.45068,4.999985e-01
4.593042e-08,2.63151,4.999955e-01
4.593042e-08,2.81233,4.999877e-01
4.593042e-08,2.99315,4.999706e-01
4.593042e-08,3.17397,4.999364e-01
4.593042e-08,3.35479,4.998733e-01
4.593042e-08,3.53562,4.997647e-01
4.593042e-08,3.71644,4.995886e-01
4.593042e-08,3.89726,4.993174e-01
4.593042e-08,4.07808,4.989173e-01
4.593042e-08,4.25890,4.983493e-01
4.593042e-08,4.43973,4.975692e-01
4.593042e-08,4.62055,4.965290e-01
4.593042e-08,4.80137,4.951776e-01
4.593042e-08,4.98219,4.934623e-01
4.593042e-08,5.16301,4.913305e-01
4.593042e-08,5.34384,4.887305e-01
4.593042e-08,5.52466,4.856138e-01
4.593042e-08,5.70548,4.819361e-01
4.593042e-08,5.88630,4.776589e-01
4.593042e-08,6.06712,4.727506e-01
4.593042e-08,6.24795,4.671880e-01
4.593042e-08,6.42877,4.609566e-01
4.593042e-08,6.60959,4.540519e-01
4.593042e-08,6.79041,4.464792e-01
4.593042e-08,6.97123,4.382545e-01
4.593042e-08,7.15205,4.294040e-01
4.593042e-08,7.33288,4.199638e-01
4.593042e-08,7.51370,4.099795e-01
4.593042e-08,7.69452,3.995055e-01
4.593042e-08,7.87534,3.886039e-01
4.593042e-08,8.05616,3.773436e-01
4.593042e-08,8.23699,3.657990e-01
4.593042e-08,8.41781,3.540488e-01
4.593042e-08,8.59863,3.421745e-01
4.593042e-08,8.77945,3.302595e-01
4.593042e-08,8.96027,3.183873e-01
4.593042e-08,9.14110,3.066404e-01
4.593042e-08,9.32192,2.950993e-01
4.593042e-08,9.50274,2.838413e-01
4.593042e-08,9.68356,2.729396e-01
4.593042e-08,9.86438,2.624622e-01
6.165302e-08,0.10000,5.000000e-01
6.165302e-08,0.28082,5.000000e-01
6.165302e-08,0.46164,5.000000e-01
6.165302e-08,0.64247,5.000000e-01
6.165302e-08,0.82329,5.000000e-01
6.165302e-08,1.00411,5.000000e-01
6.165302e-08,1.18493,5.000000e-01
6.165302e-08,1.36575,5.000000e-01
6.165302e-08,1.54658,5.000000e-01
6.165302e-08,1.72740,5.000000e-01
6.165302e-08,1.90822,5.000000e-01
6.165302e-08,2.08904,4.999999e-01
6.165302e-08,2.26986,4.999995e-01
6.165302e-08,2.45068,4.999980e-01
6.165302e-08,2.63151,4.999939e-01
6.165302e-08,2.81233,4.999835e-01
6.165302e-08,2.99315,4.999606e-01
6.165302e-08,3.17397,4.999146e-01
6.165302e-08,3.35479,4.998299e-01
6.165302e-08,3.53562,4.996841e-01
6.165302e-08,3.71644,4.994479e-01
6.165302e-08,3.89726,4.990839e-01
6.165302e-08,4.07808,4.985472e-01
6.165302e-08,4.25890,4.977855e-01
6.165302e-08,4.43973,4.967398e-01
6.165302e-08,4.62055,4.953464e-01
6.165302e-08,4.80137,4.935376e-01
6.165302e-08,4.98219,4.912443e-01
6.165302e-08,5.16301,4.883979e-01
6.165302e-08,5.34384,4.849323e-01
6.165302e-08,5.52466,4.807866e-01
6.165302e-08,5.70548,4.759069e-01
6.165302e-08,5.88630,4.702485e-01
6.165302e-08,6.06712,4.637780e-01
6.165302e-08,6.24795,4.564743e-01
6.165302e-08,6.42877,4.483307e-01
6.165302e-08,6.60959,4.393549e-01
6.165302e-08,6.79041,4.295701e-01
6.165302e-08,6.97123,4.190148e-01
6.165302e-08,7.15205,4.077423e-01
6.165302e-08,7.33288,3.958200e-01
6.165302e-08,7.51370,3.833284e-01
6.165302e-08,7.69452,3.703590e-01
6.165302e-08,7.87534,3.570133e-01
6.165302e-08,8.05616,3.433999e-01
6.165302e-08,8.23699,3.296331e-01
6.165302e-08,8.41781,3.158300e-01
6.165302e-08,8.59863,3.021089e-01
6.165302e-08,8.77945,2.885864e-01
6.165302e-08,8.96027,2.753762e-01
6.165302e-08,9.14110,2.625865e-01
6.165302e-08,9.32192,2.503186e-01
6.165302e-08,9.50274,2.386657e-01
6.165302e-08,9.68356,2.277114e-01
6.165302e-08,9.86438,2.175294e-01
8.275766e-08,0.10000,5.000000e-01
8.275766e-08,0.28082,5.000000e-01
8.275766e-08,0.46164,5.000000e-01
8.275766e-08,0.64247,5.000000e-01
8.275766e-08,0.82329,5.000000e-01
8.275766e-08,1.00411,5.000000e-01
8.275766e-08,1.18493,5.000000e-01
8.275766e-08,1.36575,5.000000e-01
8.275766e-08,1.54658,5.000000e-01
8.275766e-08,1.72740,5.000000e-01
8.275766e-08,1.90822,5.000000e-01
8.275766e-08,2.08904,4.999999e-01
8.275766e-08,2.26986,4.999993e-01
8.275766e-08,2.45068,4.999974e-01
8.275766e-08,2.63151,4.999918e-01
8.275766e-08,2.81233,4.999779e-01
8.275766e-08,2.99315,4.999471e-01
8.275766e-08,3.17397,4.998854e-01
8.275766e-08,3.35479,4.997717e-01
8.275766e-08,3.53562,4.995761e-01
8.275766e-08,3.71644,4.992590e-01
8.275766e-08,3.89726,4.987707e-01
8.275766e-08,4.07808,4.980509e-01
8.275766e-08,4.25890,4.970297e-01
8.275766e-08,4.43973,4.956288e-01
8.275766e-08,4.62055,4.937634e-01
8.275766e-08,4.80137,4.913448e-01
8.275766e-08,4.98219,4.882829e-01
8.275766e-08,5.16301,4.844893e-01
8.275766e-08,5.34384,4.798811e-01
8.275766e-08,5.52466,4.743838e-01
8.275766e-08,5.70548,4.679349e-01
8.275766e-08,5.88630,4.604866e-01
8.275766e-08,6.06712,4.520090e-01
8.275766e-08,6.24795,4.424919e-01
8.275766e-08,6.42877,4.319465e-01
8.275766e-08,6.60959,4.204065e-01
8.275766e-08,6.79041,4.079282e-01
8.275766e-08,6.97123,3.945901e-01
8.275766e-08,7.15205,3.804914e-01
8.275766e-08,7.33288,3.657499e-01
8.275766e-08,7.51370,3.505000e-01
8.275766e-08,7.69452,3.348890e-01
8.275766e-08,7.87534,3.190740e-01
8.275766e-08,8.05616,3.032177e-01
8.275766e-08,8.23699,2.874854e-01
8.275766e-08,8.41781,2.720403e-01
8.275766e-08,8.59863,2.570410e-01
8.275766e-08,8.77945,2.426371e-01
8.275766e-08,8.96027,2.289676e-01
8.275766e-08,9.14110,2.161574e-01
8.275766e-08,9.32192,2.043164e-01
8.275766e-08,9.50274,1.935377e-01
8.275766e-08,9.68356,1.838968e-01
8.275766e-08,9.86438,1.754518e-01
1.110867e-07,0.10000,5.000000e-01
1.110867e-07,0.28082,5.000000e-01
1.110867e-07,0.46164,5.000000e-01
1.110867e-07,0.64247,5.000000e-01
1.110867e-07,0.82329,5.000000e-01
1.110867e-07,1.00411,5.000000e-01
1.110867e-07,1.18493,5.000000e-01
1.110867e-07,1.36575,5.000000e-01
1.110867e-07,1.54658,5.000000e-01
1.110867e-07,1.72740,5.000000e-01
1.110867e-07,1.90822,5.000000e-01
1.110867e-07,2.08904,4.999998e-01
1.110867e-07,2.26986,4.999991e-01
1.110867e-07,2.45068,4.999965e-01
1.110867e-07,2.63151,4.999890e-01
1.110867e-07,2.81233,4.999703e-01
1.110867e-07,2.99315,4.999290e-01
1.110867e-07,3.17397,4.998462e-01
1.110867e-07,3.35479,4.996935e-01
1.110867e-07,3.53562,4.994310e-01
1.110867e-07,3.71644,4.990056e-01
1.110867e-07,3.89726,4.983506e-01
1.110867e-07,4.07808,4.973855e-01
1.110867e-07,4.25890,4.960170e-01
1.110867e-07,4.43973,4.941413e-01
1.110867e-07,4.62055,4.916466e-01
1.110867e-07,4.80137,4.884169e-01
1.110867e-07,4.98219,4.843360e-01
1.110867e-07,5.16301,4.792925e-01
1.110867e-07,5.34384,4.731847e-01
1.110867e-07,5.52466,4.659257e-01
1.110867e-07,5.70548,4.574482e-01
1.110867e-07,5.88630,4.477094e-01
1.110867e-07,6.06712,4.366941e-01
1.110867e-07,6.24795,4.244183e-01
1.110867e-07,6.42877,4.109305e-01
1.110867e-07,6.60959,3.963125e-01
1.110867e-07,6.79041,3.806784e-01
1.110867e-07,6.97123,3.641728e-01
1.110867e-07,7.15205,3.469672e-01
1.110867e-07,7.33288,3.292559e-01
1.110867e-07,7.51370,3.112502e-01
1.110867e-07,7.69452,2.931727e-01
1.110867e-07,7.87534,2.752510e-01
1.110867e-07,8.05616,2.577114e-01
1.110867e-07,8.23699,2.407726e-01
1.110867e-07,8.41781,2.246405e-01
1.110867e-07,8.59863,2.095027e-01
1.110867e-07,8.77945,1.955255e-01
1.110867e-07,8.96027,1.828502e-01
1.110867e-07,9.14110,1.715914e-01
1.110867e-07,9.32192,1.618364e-01
1.110867e-07,9.50274,1.536450e-01
1.110867e-07,9.68356,1.470504e-01
1.110867e-07,9.86438,1.420610e-01
1.491132e-07,0.10000,5.000000e-01
1.491132e-07,0.28082,5.000000e-01
1.491132e-07,0.46164,5.000000e-01
1.491132e-07,0.64247,5.000000e-01
1.491132e-07,0.82329,5.000000e-01
1.491132e-07,1.00411,5.000000e-01
1.491132e-07,1.18493,5.000000e-01
1.491132e-07,1.36575,5.000000e-01
1.491132e-07,1.54658,5.000000e-01
1.491132e-07,1.72740,5.000000e-01
1.491132e-07,1.90822,5.000000e-01
1.491132e-07,2.08904,4.999997e-01
1.491132e-07,2.26986,4.999987e-01
1.491132e-07,2.45068,4.999953e-01
1.491132e-07,2.63151,4.999852e-01
1.491132e-07,2.81233,4.999602e-01
1.491132e-07,2.99315,4.999047e-01
1.491132e-07,3.17397,4.997935e-01
1.491132e-07,3.35479,4.995887e-01
1.491132e-07,3.53562,4.992364e-01
1.491132e-07,3.71644,4.986657e-01
1.491132e-07,3.89726,4.977873e-01
1.491132e-07,4.07808,4.964936e-01
1.491132e-07,4.25890,4.946609e-01
1.491132e-07,4.43973,4.921517e-01
1.491132e-07,4.62055,4.888196e-01
1.491132e-07,4.80137,4.845144e-01
1.491132e-07,4.98219,4.790888e-01
1.491132e-07,5.16301,4.724056e-01
1.491132e-07,5.34384,4.643451e-01
1.491132e-07,5.52466,4.548134e-01
1.491132e-07,5.70548,4.437489e-01
1.491132e-07,5.88630,4.311291e-01
1.491132e-07,6.06712,4.169756e-01
1.491132e-07,6.24795,4.013570e-01
1.491132e-07,6.42877,3.843905e-01
1.491132e-07,6.60959,3.662404e-01
1.491132e-07,6.79041,3.471147e-01
1.491132e-07,6.97123,3.272597e-01
1.491132e-07,7.15205,3.069521e-01
1.491132e-07,7.33288,2.864899e-01
1.491132e-07,7.51370,2.661821e-01
1.491132e-07,7.69452,2.463384e-01
1.491132e-07,7.87534,2.272590e-01
1.491132e-07,8.05616,2.092243e-01
1.491132e-07,8.23699,1.924876e-01
1.491132e-07,8.41781,1.772678e-01
1.491132e-07,8.59863,1.637451e-01
1.491132e-07,8.77945,1.520580e-01
1.491132e-07,8.96027,1.423026e-01
1.491132e-07,9.14110,1.345338e-01
1.491132e-07,9.32192,1.287675e-01
1.491132e-07,9.50274,1.249843e-01
1.491132e-07,9.68356,1.231337e-01
1.491132e-07,9.86438,1.231395e-01
2.001566e-07,0.10000,5.000000e-01
2.001566e-07,0.28082,5.000000e-01
2.001566e-07,0.46164,5.000000e-01
2.001566e-07,0.64247,5.000000e-01
2.001566e-07,0.82329,5.000000e-01
2.001566e-07,1.00411,5.000000e-01
2.001566e-07,1.18493,5.000000e-01
2.001566e-07,1.36575,5.000000e-01
2.001566e-07,1.54658,5.000000e-01
2.001566e-07,1.72740,5.000000e-01
2.001566e-07,1.90822,4.999999e-01
2.001566e-07,2.08904,4.999996e-01
2.001566e-07,2.26986,4.999983e-01
2.001566e-07,2.45068,4.999937e-01
2.001566e-07,2.63151,4.999802e-01
2.001566e-07,2.81233,4.999465e-01
2.001566e-07,2.99315,4.998721e-01
2.001566e-07,3.17397,4.997229e-01
2.001566e-07,3.35479,4.994479e-01
2.001566e-07,3.53562,4.989753e-01
2.001566e-07,3.71644,4.982098e-01
2.001566e-07,3.89726,4.970321e-01
2.001566e-07,4.07808,4.952990e-01
2.001566e-07,4.25890,4.928464e-01
2.001566e-07,4.43973,4.894937e-01
2.001566e-07,4.62055,4.850505e-01
2.001566e-07,4.80137,4.793254e-01
2.001566e-07,4.98219,4.721356e-01
2.001566e-07,5.16301,4.633185e-01
2.001566e-07,5.34384,4.527430e-01
2.001566e-07,5.52466,4.403211e-01
2.001566e-07,5.70548,4.260183e-01
2.001566e-07,5.88630,4.098621e-01
2.001566e-07,6.06712,3.919475e-01
2.001566e-07,6.24795,3.724392e-01
2.001566e-07,6.42877,3.515701e-01
2.001566e-07,6.60959,3.296357e-01
2.001566e-07,6.79041,3.069838e-01
2.001566e-07,6.97123,2.840022e-01
2.001566e-07,7.15205,2.611024e-01
2.001566e-07,7.33288,2.387033e-01
2.001566e-07,7.51370,2.172133e-01
2.001566e-07,7.69452,1.970144e-01
2.001566e-07,7.87534,1.784479e-01
2.001566e-07,8.05616,1.618032e-01
2.001566e-07,8.23699,1.473101e-01
2.001566e-07,8.41781,1.351350e-01
2.001566e-07,8.59863,1.253801e-01
2.001566e-07,8.77945,1.180869e-01
2.001566e-07,8.96027,1.132413e-01
2.001566e-07,9.14110,1.107809e-01
2.001566e-07,9.32192,1.106038e-01
2.001566e-07,9.50274,1.125769e-01
2.001566e-07,9.68356,1.165447e-01
2.001566e-07,9.86438,1.223369e-01
2.686728e-07,0.10000,5.000000e-01
2.686728e-07,0.28082,5.000000e-01
2.686728e-07,0.46164,5.000000e-01
2.686728e-07,0.64247,5.000000e-01
2.686728e-07,0.82329,5.000000e-01
2.686728e-07,1.00411,5.000000e-01
2.686728e-07,1.18493,5.000000e-01
2.686728e-07,1.36575,5.000000e-01
2.686728e-07,1.54658,5.000000e-01
2.686728e-07,1.72740,5.000000e-01
2.686728e-07,1.90822,4.999999e-01
2.686728e-07,2.08904,4.999995e-01
2.686728e-07,2.26986,4.999977e-01
2.686728e-07,2.45068,4.999915e-01
2.686728e-07,2.63151,4.999734e-01
2.686728e-07,2.81233,4.999282e-01
2.686728e-07,2.99315,4.998283e-01
2.686728e-07,3.17397,4.996281e-01
2.686728e-07,3.35479,4.992591e-01
2.686728e-07,3.53562,4.986250e-01
2.686728e-07,3.71644,4.975985e-01
2.686728e-07,3.89726,4.960202e-01
2.686728e-07,4.07808,4.937000e-01
2.686728e-07,4.25890,4.904213e-01
2.686728e-07,4.43973,4.859484e-01
2.686728e-07,4.62055,4.800372e-01
2.686728e-07,4.80137,4.724482e-01
2.686728e-07,4.98219,4.629625e-01
2.686728e-07,5.16301,4.513989e-01
2.686728e-07,5.34384,4.376315e-01
2.686728e-07,5.52466,4.216063e-01
2.686728e-07,5.70548,4.033551e-01
2.686728e-07,5.88630,3.830053e-01
2.686728e-07,6.06712,3.607840e-01
2.686728e-07,6.24795,3.370159e-01
2.686728e-07,6.42877,3.121132e-01
2.686728e-07,6.60959,2.865596e-01
2.686728e-07,6.79041,2.608882e-01
2.686728e-07,6.97123,2.356555e-01
2.686728e-07,7.15205,2.114132e-01
2.686728e-07,7.33288,1.886809e-01
2.686728e-07,7.51370,1.679219e-01
2.686728e-07,7.69452,1.495232e-01
2.686728e-07,7.87534,1.337832e-01
2.686728e-07,8.05616,1.209044e-01
2.686728e-07,8.23699,1.109949e-01
2.686728e-07,8.41781,1.040743e-01
2.686728e-07,8.59863,1.000845e-01
2.686728e-07,8.77945,9.890390e-02
2.686728e-07,8.96027,1.003623e-01
2.686728e-07,9.14110,1.042558e-01
2.686728e-07,9.32192,1.103600e-01
2.686728e-07,9.50274,1.184413e-01
2.686728e-07,9.68356,1.282657e-01
2.686728e-07,9.86438,1.396048e-01
3.606431e-07,0.10000,5.000000e-01
3.606431e-07,0.28082,5.000000e-01
3.606431e-07,0.46164,5.000000e-01
3.606431e-07,0.64247,5.000000e-01
3.606431e-07,0.82329,5.000000e-01
3.606431e-07,1.00411,5.000000e-01
3.606431e-07,1.18493,5.000000e-01
3.606431e-07,1.36575,5.000000e-01
3.606431e-07,1.54658,5.000000e-01
3.606431e-07,1.72740,5.000000e-01
3.606431e-07,1.90822,4.999999e-01
3.606431e-07,2.08904,4.999994e-01
3.606431e-07,2.26986,4.999969e-01
3.606431e-07,2.45068,4.999886e-01
3.606431e-07,2.63151,4.999643e-01
3.606431e-07,2.81233,4.999036e-01
3.606431e-07,2.99315,4.997695e-01
3.606431e-07,3.17397,4.995008e-01
3.606431e-07,3.35479,4.990057e-01
3.606431e-07,3.53562,4.981551e-01
3.606431e-07,3.71644,4.967791e-01
3.606431e-07,3.89726,4.946652e-01
3.606431e-07,4.07808,4.915618e-01
3.606431e-07,4.25890,4.871849e-01
3.606431e-07,4.43973,4.812302e-01
3.606431e-07,4.62055,4.733898e-01
3.606431e-07,4.80137,4.633732e-01
3.606431e-07,4.98219,4.509321e-01
3.606431e-07,5.16301,4.358867e-01
3.606431e-07,5.34384,4.181513e-01
3.606431e-07,5.52466,3.977570e-01
3.606431e-07,5.70548,3.748686e-01
3.606431e-07,5.88630,3.497919e-01
3.606431e-07,6.06712,3.229704e-01
3.606431e-07,6.24795,2.949696e-01
3.606431e-07,6.42877,2.664505e-01
3.606431e-07,6.60959,2.381324e-01
3.606431e-07,6.79041,2.107500e-01
3.606431e-07,6.97123,1.850088e-01
3.606431e-07,7.15205,1.615431e-01
3.606431e-07,7.33288,1.408818e-01
3.606431e-07,7.51370,1.234244e-01
3.606431e-07,7.69452,1.094298e-01
3.606431e-07,7.87534,9.901778e-02
3.606431e-07,8.05616,9.218029e-02
3.606431e-07,8.23699,8.880212e-02
3.606431e-07,8.41781,8.868527e-02
3.606431e-07,8.59863,9.157477e-02
3.606431e-07,8.77945,9.718269e-02
3.606431e-07,8.96027,1.052082e-01
3.606431e-07,9.14110,1.153527e-01
3.606431e-07,9.32192,1.273294e-01
3.606431e-07,9.50274,1.408691e-01
3.606431e-07,9.68356,1.557209e-01
3.606431e-07,9.86438,1.716517e-01
4.840960e-07,0.10000,5.000000e-01
4.840960e-07,0.28082,5.000000e-01
4.840960e-07,0.46164,5.000000e-01
4.840960e-07,0.64247,5.000000e-01
4.840960e-07,0.82329,5.000000e-01
4.840960e-07,1.00411,5.000000e-01
4.840960e-07,1.18493,5.000000e-01
4.840960e-07,1.36575,5.000000e-01
4.840960e-07,1.54658,5.000000e-01
4.840960e-07,1.72740,5.000000e-01
4.840960e-07,1.90822,4.999999e-01
4.840960e-07,2.08904,4.999991e-01
4.840960e-07,2.26986,4.999959e-01
4.840960e-07,2.45068,4.999846e-01
4.840960e-07,2.63151,4.999521e-01
4.840960e-07,2.81233,4.998707e-01
4.840960e-07,2.99315,4.996906e-01
4.840960e-07,3.17397,4.993301e-01
4.840960e-07,3.35479,4.986658e-01
4.840960e-07,3.53562,4.975252e-01
4.840960e-07,3.71644,4.956813e-01
4.840960e-07,3.89726,4.928521e-01
4.840960e-07,4.07808,4.887062e-01
4.840960e-07,4.25890,4.828744e-01
4.840960e-07,4.43973,4.749692e-01
4.840960e-07,4.62055,4.646124e-01
4.840960e-07,4.80137,4.514677e-01
4.840960e-07,4.98219,4.352795e-01
4.840960e-07,5.16301,4.159118e-01
4.840960e-07,5.34384,3.933845e-01
4.840960e-07,5.52466,3.679007e-01
4.840960e-07,5.70548,3.398606e-01
4.840960e-07,5.88630,3.098579e-01
4.840960e-07,6.06712,2.786550e-01
4.840960e-07,6.24795,2.471389e-01
4.840960e-07,6.42877,2.162617e-01
4.840960e-07,6.60959,1.869714e-01
4.840960e-07,6.79041,1.601418e-01
4.840960e-07,6.97123,1.365118e-01
4.840960e-07,7.15205,1.166407e-01
4.840960e-07,7.33288,1.008845e-01
4.840960e-07,7.51370,8.939516e-02
4.840960e-07,7.69452,8.214013e-02
4.840960e-07,7.87534,7.893632e-02
4.840960e-07,8.05616,7.949224e-02
4.840960e-07,8.23699,8.345082e-02
4.840960e-07,8.41781,9.042738e-02
4.840960e-07,8.59863,1.000387e-01
4.840960e-07,8.77945,1.119222e-01
4.840960e-07,8.96027,1.257449e-01
4.840960e-07,9.14110,1.412052e-01
4.840960e-07,9.32192,1.580294e-01
4.840960e-07,9.50274,1.759649e-01
4.840960e-07,9.68356,1.947737e-01
4.840960e-07,9.86438,2.142266e-01
6.498085e-07,0.10000,5.000000e-01
6.498085e-07,0.28082,5.000000e-01
6.498085e-07,0.46164,5.000000e-01
6.498085e-07,0.64247,5.000000e-01
6.498085e-07,0.82329,5.000000e-01
6.498085e-07,1.00411,5.000000e-01
6.498085e-07,1.18493,5.000000e-01
6.498085e-07,1.36575,5.000000e-01
6.498085e-07,1.54658,5.000000e-01
6.498085e-07,1.72740,5.000000e-01
6.498085e-07,1.90822,4.999998e-01
6.498085e-07,2.08904,4.999988e-01
6.498085e-07,2.26986,4.999945e-01
6.498085e-07,2.45068,4.999794e-01
6.498085e-07,2.63151,4.999356e-01
6.498085e-07,2.81233,4.998264e-01
6.498085e-07,2.99315,4.995848e-01
6.498085e-07,3.17397,4.991009e-01
6.498085e-07,3.35479,4.982099e-01
6.498085e-07,3.53562,4.966808e-01
6.498085e-07,3.71644,4.942115e-01
6.498085e-07,3.89726,4.904289e-01
6.498085e-07,4.07808,4.848993e-01
6.498085e-07,4.25890,4.771484e-01
6.498085e-07,4.43973,4.666937e-01
6.498085e-07,4.62055,4.530877e-01
6.498085e-07,4.80137,4.359710e-01
6.498085e-07,4.98219,4.151302e-01
6.498085e-07,5.16301,3.905537e-01
6.498085e-07,5.34384,3.624769e-01
6.498085e-07,5.52466,3.314074e-01
6.498085e-07,5.70548,2.981219e-01
6.498085e-07,5.88630,2.636291e-01
6.498085e-07,6.06712,2.291000e-01
6.498085e-07,6.24795,1.957722e-01
6.498085e-07,6.42877,1.648413e-01
6.498085e-07,6.60959,1.373555e-01
6.498085e-07,6.79041,1.141306e-01
6.498085e-07,6.97123,9.569827e-02
6.498085e-07,7.15205,8.229354e-02
6.498085e-07,7.33288,7.388037e-02
6.498085e-07,7.51370,7.020537e-02
6.498085e-07,7.69452,7.086692e-02
6.498085e-07,7.87534,7.538546e-02
6.498085e-07,8.05616,8.326331e-02
6.498085e-07,8.23699,9.402723e-02
6.498085e-07,8.41781,1.072515e-01
6.498085e-07,8.59863,1.225642e-01
6.498085e-07,8.77945,1.396411e-01
6.498085e-07,8.96027,1.581933e-01
6.498085e-07,9.14110,1.779524e-01
6.498085e-07,9.32192,1.986584e-01
6.498085e-07,9.50274,2.200512e-01
6.498085e-07,9.68356,2.418659e-01
6.498085e-07,9.86438,2.638336e-01
8.722466e-07,0.10000,5.000000e-01
8.722466e-07,0.28082,5.000000e-01
8.722466e-07,0.46164,5.000000e-01
8.722466e-07,0.64247,5.000000e-01
8.722466e-07,0.82329,5.000000e-01
8.722466e-07,1.00411,5.000000e-01
8.722466e-07,1.18493,5.000000e-01
8.722466e-07,1.36575,5.000000e-01
8.722466e-07,1.54658,5.000000e-01
8.722466e-07,1.72740,5.000000e-01
8.722466e-07,1.90822,4.999998e-01
8.722466e-07,2.08904,4.999984e-01
8.722466e-07,2.26986,4.999926e-01
8.722466e-07,2.45068,4.999723e-01
8.722466e-07,2.63151,4.999136e-01
8.722466e-07,2.81233,4.997670e-01
8.722466e-07,2.99315,4.994427e-01
8.722466e-07,3.17397,4.987936e-01
8.722466e-07,3.35479,4.975986e-01
8.722466e-07,3.53562,4.955497e-01
8.722466e-07,3.71644,4.922455e-01
8.722466e-07,3.89726,4.871950e-01
8.722466e-07,4.07808,4.798360e-01
8.722466e-07,4.25890,4.695695e-01
8.722466e-07,4.43973,4.558129e-01
8.722466e-07,4.62055,4.380696e-01
8.722466e-07,4.80137,4.160111e-01
8.722466e-07,4.98219,3.895616e-01
8.722466e-07,5.16301,3.589704e-01
8.722466e-07,5.34384,3.248570e-01
8.722466e-07,5.52466,2.882127e-01
8.722466e-07,5.70548,2.503470e-01
8.722466e-07,5.88630,2.127813e-01
8.722466e-07,6.06712,1.770989e-01
8.722466e-07,6.24795,1.447780e-01
8.722466e-07,6.42877,1.170364e-01
8.722466e-07,6.60959,9.471990e-02
8.722466e-07,6.79041,7.825274e-02
8.722466e-07,6.97123,6.765657e-02
8.722466e-07,7.15205,6.262571e-02
8.722466e-07,7.33288,6.263585e-02
8.722466e-07,7.51370,6.705836e-02
8.722466e-07,7.69452,7.525688e-02
8.722466e-07,7.87534,8.665193e-02
8.722466e-07,8.05616,1.007506e-01
8.722466e-07,8.23699,1.171466e-01
8.722466e-07,8.41781,1.355021e-01
8.722466e-07,8.59863,1.555205e-01
8.722466e-07,8.77945,1.769211e-01
8.722466e-07,8.96027,1.994190e-01
8.722466e-07,9.14110,2.227136e-01
8.722466e-07,9.32192,2.464858e-01
8.722466e-07,9.50274,2.704008e-01
8.722466e-07,9.68356,2.941175e-01
8.722466e-07,9.86438,3.172997e-01
1.170828e-06,0.10000,5.000000e-01
1.170828e-06,0.28082,5.000000e-01
1.170828e-06,0.46164,5.000000e-01
1.170828e-06,0.64247,5.000000e-01
1.170828e-06,0.82329,5.000000e-01
1.170828e-06,1.00411,5.000000e-01
1.170828e-06,1.18493,5.000000e-01
1.170828e-06,1.36575,5.000000e-01
1.170828e-06,1.54658,5.000000e-01
1.170828e-06,1.72740,5.000000e-01
1.170828e-06,1.90822,4.999997e-01
1.170828e-06,2.08904,4.999979e-01
1.170828e-06,2.26986,4.999901e-01
1.170828e-06,2.45068,4.999629e-01
1.170828e-06,2.63151,4.998840e-01
1.170828e-06,2.81233,4.996873e-01
1.170828e-06,2.99315,4.992521e-01
1.170828e-06,3.17397,4.983812e-01
1.170828e-06,3.35479,4.967792e-01
1.170828e-06,3.53562,4.940355e-01
1.170828e-06,3.71644,4.896188e-01
1.170828e-06,3.89726,4.828876e-01
1.170828e-06,4.07808,4.731227e-01
1.170828e-06,4.25890,4.595860e-01
1.170828e-06,4.43973,4.416077e-01
1.170828e-06,4.62055,4.186966e-01
1.170828e-06,4.80137,3.906634e-01
1.170828e-06,4.98219,3.577341e-01
1.170828e-06,5.16301,3.206293e-01
1.170828e-06,5.34384,2.805785e-01
1.170828e-06,5.52466,2.392496e-01
1.170828e-06,5.70548,1.985899e-01
1.170828e-06,5.88630,1.605987e-01
1.170828e-06,6.06712,1.270738e-01
1.170828e-06,6.24795,9.939009e-02
1.170828e-06,6.42877,7.835880e-02
1.170828e-06,6.60959,6.420047e-02
1.170828e-06,6.79041,5.662626e-02
1.170828e-06,6.97123,5.499537e-02
1.170828e-06,7.15205,5.849803e-02
1.170828e-06,7.33288,6.631590e-02
1.170828e-06,7.51370,7.772854e-02
1.170828e-06,7.69452,9.215781e-02
1.170828e-06,7.87534,1.091610e-01
1.170828e-06,8.05616,1.283934e-01
1.170828e-06,8.23699,1.495604e-01
1.170828e-06,8.41781,1.723751e-01
1.170828e-06,8.59863,1.965286e-01
1.170828e-06,8.77945,2.216745e-01
1.170828e-06,8.96027,2.474272e-01
1.170828e-06,9.14110,2.733697e-01
1.170828e-06,9.32192,2.990691e-01
1.170828e-06,9.50274,3.240962e-01
1.170828e-06,9.68356,3.480462e-01
1.170828e-06,9.86438,3.705594e-01
1.571618e-06,0.10000,5.000000e-01
1.571618e-06,0.28082,5.000000e-01
1.571618e-06,0.46164,5.000000e-01
1.571618e-06,0.64247,5.000000e-01
1.571618e-06,0.82329,5.000000e-01
1.571618e-06,1.00411,5.000000e-01
1.571618e-06,1.18493,5.000000e-01
1.571618e-06,1.36575,5.000000e-01
1.571618e-06,1.54658,5.000000e-01
1.571618e-06,1.72740,5.000000e-01
1.571618e-06,1.90822,4.999996e-01
1.571618e-06,2.08904,4.999972e-01
1.571618e-06,2.26986,4.999867e-01
1.571618e-06,2.45068,4.999502e-01
1.571618e-06,2.63151,4.998444e-01
1.571618e-06,2.81233,4.995803e-01
1.571618e-06,2.99315,4.989963e-01
1.571618e-06,3.17397,4.978283e-01
1.571618e-06,3.35479,4.956815e-01
1.571618e-06,3.53562,4.920102e-01
1.571618e-06,3.71644,4.861150e-01
1.571618e-06,3.89726,4.771658e-01
1.571618e-06,4.07808,4.642594e-01
1.571618e-06,4.25890,4.465196e-01
1.571618e-06,4.43973,4.232378e-01
1.571618e-06,4.62055,3.940438e-01
1.571618e-06,4.80137,3.590780e-01
1.571618e-06,4.98219,3.191254e-01
1.571618e-06,5.16301,2.756604e-01
1.571618e-06,5.34384,2.307629e-01
1.571618e-06,5.52466,1.868920e-01
1.571618e-06,5.70548,1.465477e-01
1.571618e-06,5.88630,1.118943e-01
1.571618e-06,6.06712,8.444739e-02
1.571618e-06,6.24795,6.490799e-02
1.571618e-06,6.42877,5.318798e-02
1.571618e-06,6.60959,4.859922e-02
1.571618e-06,6.79041,5.013010e-02
1.571618e-06,6.97123,5.671495e-02
1.571618e-06,7.15205,6.742436e-02
1.571618e-06,7.33288,8.154879e-02
1.571618e-06,7.51370,9.859007e-02
1.571618e-06,7.69452,1.181984e-01
1.571618e-06,7.87534,1.400934e-01
1.571618e-06,8.05616,1.639963e-01
1.571618e-06,8.23699,1.895841e-01
1.571618e-06,8.41781,2.164682e-01
1.571618e-06,8.59863,2.441915e-01
1.571618e-06,8.77945,2.722421e-01
1.571618e-06,8.96027,3.000755e-01
1.571618e-06,9.14110,3.271447e-01
1.571618e-06,9.32192,3.529323e-01
1.571618e-06,9.50274,3.769817e-01
1.571618e-06,9.68356,3.989242e-01
1.571618e-06,9.86438,4.184982e-01
2.109604e-06,0.10000,5.000000e-01
2.109604e-06,0.28082,5.000000e-01
2.109604e-06,0.46164,5.000000e-01
2.109604e-06,0.64247,5.000000e-01
2.109604e-06,0.82329,5.000000e-01
2.109604e-06,1.00411,5.000000e-01
2.109604e-06,1.18493,5.000000e-01
2.109604e-06,1.36575,5.000000e-01
2.109604e-06,1.54658,5.000000e-01
2.109604e-06,1.72740,4.999999e-01
2.109604e-06,1.90822,4.999994e-01
2.109604e-06,2.08904,4.999962e-01
2.109604e-06,2.26986,4.999821e-01
2.109604e-06,2.45068,4.999331e-01
2.109604e-06,2.63151,4.997911e-01
2.109604e-06,2.81233,4.994367e-01
2.109604e-06,2.99315,4.986532e-01
2.109604e-06,3.17397,4.970871e-01
2.109604e-06,3.35479,4.942118e-01
2.109604e-06,3.53562,4.893046e-01
2.109604e-06,3.71644,4.814513e-01
2.109604e-06,3.89726,4.695919e-01
2.109604e-06,4.07808,4.526234e-01
2.109604e-06,4.25890,4.295653e-01
2.109604e-06,4.43973,3.997835e-01
2.109604e-06,4.62055,3.632398e-01
2.109604e-06,4.80137,3.207094e-01
2.109604e-06,4.98219,2.738867e-01
2.109604e-06,5.16301,2.253040e-01
2.109604e-06,5.34384,1.780253e-01
2.109604e-06,5.52466,1.351576e-01
2.109604e-06,5.70548,9.929898e-02
2.109604e-06,5.88630,7.209729e-02
2.109604e-06,6.06712,5.406495e-02
2.109604e-06,6.24795,4.470076e-02
2.109604e-06,6.42877,4.284599e-02
2.109604e-06,6.60959,4.711802e-02
2.109604e-06,6.79041,5.626363e-02
2.109604e-06,6.97123,6.934313e-02
2.109604e-06,7.15205,8.574695e-02
2.109604e-06,7.33288,1.051055e-01
2.109604e-06,7.51370,1.271648e-01
2.109604e-06,7.69452,1.516781e-01
2.109604e-06,7.87534,1.783334e-01
2.109604e-06,8.05616,2.067185e-01
2.109604e-06,8.23699,2.363140e-01
2.109604e-06,8.41781,2.665090e-01
2.109604e-06,8.59863,2.966314e-01
2.109604e-06,8.77945,3.259897e-01
2.109604e-06,8.96027,3.539203e-01
2.109604e-06,9.14110,3.798350e-01
2.109604e-06,9.32192,4.032627e-01
2.109604e-06,9.50274,4.238797e-01
2.109604e-06,9.68356,4.415248e-01
2.109604e-06,9.86438,4.561982e-01
2.831749e-06,0.10000,5.000000e-01
2.831749e-06,0.28082,5.000000e-01
2.831749e-06,0.46164,5.000000e-01
2.831749e-06,0.64247,5.000000e-01
2.831749e-06,0.82329,5.000000e-01
2.831749e-06,1.00411,5.000000e-01
2.831749e-06,1.18493,5.000000e-01
2.831749e-06,1.36575,5.000000e-01
2.831749e-06,1.54658,5.000000e-01
2.831749e-06,1.72740,4.999999e-01
2.831749e-06,1.90822,4.999992e-01
2.831749e-06,2.08904,4.999949e-01
2.831749e-06,2.26986,4.999760e-01
2.831749e-06,2.45068,4.999102e-01
2.831749e-06,2.63151,4.997196e-01
2.831749e-06,2.81233,4.992440e-01
2.831749e-06,2.99315,4.981930e-01
2.831749e-06,3.17397,4.960939e-01
2.831749e-06,3.35479,4.922458e-01
2.831749e-06,3.53562,4.856963e-01
2.831749e-06,3.71644,4.752615e-01
2.831749e-06,3.89726,4.596147e-01
2.831749e-06,4.07808,4.374631e-01
2.831749e-06,4.25890,4.078202e-01
2.831749e-06,4.43973,3.703455e-01
2.831749e-06,4.62055,3.256814e-01
2.831749e-06,4.80137,2.756662e-01
2.831749e-06,4.98219,2.232922e-01
2.831749e-06,5.16301,1.723229e-01
2.831749e-06,5.34384,1.266072e-01
2.831749e-06,5.52466,8.928013e-02
2.831749e-06,5.70548,6.213880e-02
2.831749e-06,5.88630,4.543722e-02
2.831749e-06,6.06712,3.816393e-02
2.831749e-06,6.24795,3.863780e-02
2.831749e-06,6.42877,4.513467e-02
2.831749e-06,6.60959,5.630352e-02
2.831749e-06,6.79041,7.129178e-02
2.831749e-06,6.97123,8.965056e-02
2.831749e-06,7.15205,1.111496e-01
2.831749e-06,7.33288,1.356039e-01
2.831749e-06,7.51370,1.627546e-01
2.831749e-06,7.69452,1.922070e-01
2.831749e-06,7.87534,2.234104e-01
2.831749e-06,8.05616,2.556699e-01
2.831749e-06,8.23699,2.881813e-01
2.831749e-06,8.41781,3.200851e-01
2.831749e-06,8.59863,3.505325e-01
2.831749e-06,8.77945,3.787560e-01
2.831749e-06,8.96027,4.041340e-01
2.831749e-06,9.14110,4.262401e-01
2.831749e-06,9.32192,4.448690e-01
2.831749e-06,9.50274,4.600359e-01
2.831749e-06,9.68356,4.719498e-01
2.831749e-06,9.86438,4.809672e-01
3.801095e-06,0.10000,5.000000e-01
3.801095e-06,0.28082,5.000000e-01
3.801095e-06,0.46164,5.000000e-01
3.801095e-06,0.64247,5.000000e-01
3.801095e-06,0.82329,5.000000e-01
3.801095e-06,1.00411,5.000000e-01
3.801095e-06,1.18493,5.000000e-01
3.801095e-06,1.36575,5.000000e-01
3.801095e-06,1.54658,5.000000e-01
3.801095e-06,1.72740,4.999999e-01
3.801095e-06,1.90822,4.999989e-01
3.801095e-06,2.08904,4.999932e-01
3.801095e-06,2.26986,4.999678e-01
3.801095e-06,2.45068,4.998795e-01
3.801095e-06,2.63151,4.996236e-01
3.801095e-06,2.81233,4.989854e-01
3.801095e-06,2.99315,4.975759e-01
3.801095e-06,3.17397,4.947638e-01
3.801095e-06,3.35479,4.896192e-01
3.801095e-06,3.53562,4.808947e-01
3.801095e-06,3.71644,4.670780e-01
3.801095e-06,3.89726,4.465553e-01
3.801095e-06,4.07808,4.179116e-01
3.801095e-06,4.25890,3.803615e-01
3.801095e-06,4.43973,3.342364e-01
3.801095e-06,4.62055,2.813690e-01
3.801095e-06,4.80137,2.251589e-01
3.801095e-06,4.98219,1.701452e-01
3.801095e-06,5.16301,1.210857e-01
3.801095e-06,5.34384,8.181378e-02
3.801095e-06,5.52466,5.434077e-02
3.801095e-06,5.70548,3.861630e-02
3.801095e-06,5.88630,3.303086e-02
3.801095e-06,6.06712,3.534132e-02
3.801095e-06,6.24795,4.352495e-02
3.801095e-06,6.42877,5.622174e-02
3.801095e-06,6.60959,7.274001e-02
3.801095e-06,6.79041,9.281759e-02
3.801095e-06,6.97123,1.163477e-01
3.801095e-06,7.15205,1.431778e-01
3.801095e-06,7.33288,1.729963e-01
3.801095e-06,7.51370,2.052832e-01
3.801095e-06,7.69452,2.393066e-01
3.801095e-06,7.87534,2.741524e-01
3.801095e-06,8.05616,3.087859e-01
3.801095e-06,8.23699,3.421373e-01
3.801095e-06,8.41781,3.732017e-01
3.801095e-06,8.59863,4.011379e-01
3.801095e-06,8.77945,4.253497e-01
3.801095e-06,8.96027,4.455345e-01
3.801095e-06,9.14110,4.616905e-01
3.801095e-06,9.32192,4.740818e-01
3.801095e-06,9.50274,4.831713e-01
3.801095e-06,9.68356,4.895362e-01
3.801095e-06,9.86438,4.937827e-01
5.102260e-06,0.10000,5.000000e-01
5.102260e-06,0.28082,5.000000e-01
5.102260e-06,0.46164,5.000000e-01
5.102260e-06,0.64247,5.000000e-01
5.102260e-06,0.82329,5.000000e-01
5.102260e-06,1.00411,5.000000e-01
5.102260e-06,1.18493,5.000000e-01
5.102260e-06,1.36575,5.000000e-01
5.102260e-06,1.54658,5.000000e-01
5.102260e-06,1.72740,4.999998e-01
5.102260e-06,1.90822,4.999985e-01
5.102260e-06,2.08904,4.999908e-01
5.102260e-06,2.26986,4.999568e-01
5.102260e-06,2.45068,4.998382e-01
5.102260e-06,2.63151,4.994949e-01
5.102260e-06,2.81233,4.986386e-01
5.102260e-06,2.99315,4.967488e-01
5.102260e-06,3.17397,4.929840e-01
5.102260e-06,3.35479,4.861155e-01
5.102260e-06,3.53562,4.745240e-01
5.102260e-06,3.71644,4.563147e-01
5.102260e-06,3.89726,4.296087e-01
5.102260e-06,4.07808,3.930396e-01
5.102260e-06,4.25890,3.464046e-01
5.102260e-06,4.43973,2.912884e-01
5.102260e-06,4.62055,2.313453e-01
5.102260e-06,4.80137,1.719118e-01
5.102260e-06,4.98219,1.188447e-01
5.102260e-06,5.16301,7.691675e-02
5.102260e-06,5.34384,4.850061e-02
5.102260e-06,5.52466,3.323901e-02
5.102260e-06,5.70548,2.884479e-02
5.102260e-06,5.88630,3.246954e-02
5.102260e-06,6.06712,4.182689e-02
5.102260e-06,6.24795,5.561620e-02
5.102260e-06,6.42877,7.334931e-02
5.102260e-06,6.60959,9.495133e-02
5.102260e-06,6.79041,1.204157e-01
5.102260e-06,6.97123,1.495945e-01
5.102260e-06,7.15205,1.820941e-01
5.102260e-06,7.33288,2.172358e-01
5.102260e-06,7.51370,2.540642e-01
5.102260e-06,7.69452,2.914020e-01
5.102260e-06,7.87534,3.279461e-01
5.102260e-06,8.05616,3.623991e-01
5.102260e-06,8.23699,3.936135e-01
5.102260e-06,8.41781,4.207236e-01
5.102260e-06,8.59863,4.432375e-01
5.102260e-06,8.77945,4.610684e-01
5.102260e-06,8.96027,4.745009e-01
5.102260e-06,9.14110,4.840999e-01
5.102260e-06,9.32192,4.905896e-01
5.102260e-06,9.50274,4.947295e-01
5.102260e-06,9.68356,4.972148e-01
5.102260e-06,9.86438,4.986153e-01
6.848831e-06,0.10000,5.000000e-01
6.848831e-06,0.28082,5.000000e-01
6.848831e-06,0.46164,5.000000e-01
6.848831e-06,0.64247,5.000000e-01
6.848831e-06,0.82329,5.000000e-01
6.848831e-06,1.00411,5.000000e-01
6.848831e-06,1.18493,5.000000e-01
6.848831e-06,1.36575,5.000000e-01
6.848831e-06,1.54658,5.000000e-01
6.848831e-06,1.72740,4.999998e-01
6.848831e-06,1.90822,4.999980e-01
6.848831e-06,2.08904,4.999877e-01
6.848831e-06,2.26986,4.999420e-01
6.848831e-06,2.45068,4.997828e-01
6.848831e-06,2.63151,4.993221e-01
6.848831e-06,2.81233,4.981734e-01
6.848831e-06,2.99315,4.956407e-01
6.848831e-06,3.17397,4.906051e-01
6.848831e-06,3.35479,4.814519e-01
6.848831e-06,3.53562,4.661053e-01
6.848831e-06,3.71644,4.422567e-01
6.848831e-06,3.89726,4.078707e-01
6.848831e-06,4.07808,3.619749e-01
6.848831e-06,4.25890,3.055721e-01
6.848831e-06,4.43973,2.422749e-01
6.848831e-06,4.62055,1.781239e-01
6.848831e-06,4.80137,1.202517e-01
6.848831e-06,4.98219,7.470723e-02
6.848831e-06,5.16301,4.449735e-02
6.848831e-06,5.34384,2.903049e-02
6.848831e-06,5.52466,2.526993e-02
6.848831e-06,5.70548,2.969373e-02
6.848831e-06,5.88630,3.975604e-02
6.848831e-06,6.06712,5.425169e-02
6.848831e-06,6.24795,7.291163e-02
6.848831e-06,6.42877,9.583905e-02
6.848831e-06,6.60959,1.231133e-01
6.848831e-06,6.79041,1.545793e-01
6.848831e-06,6.97123,1.897454e-01
6.848831e-06,7.15205,2.277453e-01
6.848831e-06,7.33288,2.673589e-01
6.848831e-06,7.51370,3.070973e-01
6.848831e-06,7.69452,3.453508e-01
6.848831e-06,7.87534,3.805822e-01
6.848831e-06,8.05616,4.115279e-01
6.848831e-06,8.23699,4.373641e-01
6.848831e-06,8.41781,4.577961e-01
6.848831e-06,8.59863,4.730470e-01
6.848831e-06,8.77945,4.837524e-01
6.848831e-06,8.96027,4.907933e-01
6.848831e-06,9.14110,4.951161e-01
6.848831e-06,9.32192,4.975846e-01
6.848831e-06,9.50274,4.988907e-01
6.848831e-06,9.68356,4.995288e-01
6.848831e-06,9.86438,4.998156e-01
9.193276e-06,0.10000,5.000000e-01
9.193276e-06,0.28082,5.000000e-01
9.193276e-06,0.46164,5.000000e-01
9.193276e-06,0.64247,5.000000e-01
9.193276e-06,0.82329,5.000000e-01
9.193276e-06,1.00411,5.000000e-01
9.193276e-06,1.18493,5.000000e-01
9.193276e-06,1.36575,5.000000e-01
9.193276e-06,1.54658,5.000000e-01
9.193276e-06,1.72740,4.999997e-01
9.193276e-06,1.90822,4.999974e-01
9.193276e-06,2.08904,4.999835e-01
9.193276e-06,2.26986,4.999221e-01
9.193276e-06,2.45068,4.997085e-01
9.193276e-06,2.63151,4.990902e-01
9.193276e-06,2.81233,4.975497e-01
9.193276e-06,2.99315,4.941572e-01
9.193276e-06,3.17397,4.874298e-01
9.193276e-06,3.35479,4.752622e-01
9.193276e-06,3.53562,4.550393e-01
9.193276e-06,3.71644,4.240663e-01
9.193276e-06,3.89726,3.804159e-01
9.193276e-06,4.07808,3.241197e-01
9.193276e-06,4.25890,2.582832e-01
9.193276e-06,4.43973,1.893582e-01
9.193276e-06,4.62055,1.258388e-01
9.193276e-06,4.80137,7.546844e-02
9.193276e-06,4.98219,4.234073e-02
9.193276e-06,5.16301,2.583097e-02
9.193276e-06,5.34384,2.209781e-02
9.193276e-06,5.52466,2.682990e-02
9.193276e-06,5.70548,3.717322e-02
9.193276e-06,5.88630,5.201665e-02
9.193276e-06,6.06712,7.130809e-02
9.193276e-06,6.24795,9.532323e-02
9.193276e-06,6.42877,1.242298e-01
9.193276e-06,6.60959,1.578717e-01
9.193276e-06,6.79041,1.956555e-01
9.193276e-06,6.97123,2.365045e-01
9.193276e-06,7.15205,2.788910e-01
9.193276e-06,7.33288,3.209636e-01
9.193276e-06,7.51370,3.607655e-01
9.193276e-06,7.69452,3.965103e-01
9.193276e-06,7.87534,4.268551e-01
9.193276e-06,8.05616,4.510975e-01
9.193276e-06,8.23699,4.692386e-01
9.193276e-06,8.41781,4.818933e-01
9.193276e-06,8.59863,4.900819e-01
9.193276e-06,8.77945,4.949723e-01
9.193276e-06,8.96027,4.976545e-01
9.193276e-06,9.14110,4.989985e-01
9.193276e-06,9.32192,4.996108e-01
9.193276e-06,9.50274,4.998630e-01
9.193276e-06,9.68356,4.999566e-01
9.193276e-06,9.86438,4.999877e-01
1.234026e-05,0.10000,5.000000e-01
1.234026e-05,0.28082,5.000000e-01
1.234026e-05,0.46164,5.000000e-01
1.234026e-05,0.64247,5.000000e-01
1.234026e-05,0.82329,5.000000e-01
1.234026e-05,1.00411,5.000000e-01
1.234026e-05,1.18493,5.000000e-01
1.234026e-05,1.36575,5.000000e-01
1.234026e-05,1.54658,5.000000e-01
1.234026e-05,1.72740,4.999996e-01
1.234026e-05,1.90822,4.999965e-01
1.234026e-05,2.08904,4.999778e-01
1.234026e-05,2.26986,4.998955e-01
1.234026e-05,2.45068,4.996088e-01
1.234026e-05,2.63151,4.987792e-01
1.234026e-05,2.81233,4.967136e-01
1.234026e-05,2.99315,4.921729e-01
1.234026e-05,3.17397,4.831999e-01
1.234026e-05,3.35479,4.670787e-01
1.234026e-05,3.53562,4.405978e-01
1.234026e-05,3.71644,4.008222e-01
1.234026e-05,3.89726,3.464556e-01
1.234026e-05,4.07808,2.794882e-01
1.234026e-05,4.25890,2.062093e-01
1.234026e-05,4.43973,1.363295e-01
1.234026e-05,4.62055,7.971559e-02
1.234026e-05,4.80137,4.222384e-02
1.234026e-05,4.98219,2.361447e-02
1.234026e-05,5.16301,1.923891e-02
1.234026e-05,5.34384,2.381366e-02
1.234026e-05,5.52466,3.405179e-02
1.234026e-05,5.70548,4.889318e-02
1.234026e-05,5.88630,6.849047e-02
1.234026e-05,6.06712,9.329646e-02
1.234026e-05,6.24795,1.235880e-01
1.234026e-05,6.42877,1.592317e-01
1.234026e-05,6.60959,1.995430e-01
1.234026e-05,6.79041,2.432200e-01
1.234026e-05,6.97123,2.883868e-01
1.234026e-05,7.15205,3.327743e-01
1.234026e-05,7.33288,3.740321e-01
1.234026e-05,7.51370,4.101151e-01
1.234026e-05,7.69452,4.396427e-01
1.234026e-05,7.87534,4.621186e-01
1.234026e-05,8.05616,4.779343e-01
1.234026e-05,8.23699,4.881566e-01
1.234026e-05,8.41781,4.941854e-01
1.234026e-05,8.59863,4.974080e-01
1.234026e-05,8.77945,4.989587e-01
1.234026e-05,8.96027,4.996258e-01
1.234026e-05,9.14110,4.998806e-01
1.234026e-05,9.32192,4.999664e-01
1.234026e-05,9.50274,4.999917e-01
1.234026e-05,9.68356,4.999982e-01
1.234026e-05,9.86438,4.999997e-01
1.656449e-05,0.10000,5.000000e-01
1.656449e-05,0.28082,5.000000e-01
1.656449e-05,0.46164,5.000000e-01
1.656449e-05,0.64247,5.000000e-01
1.656449e-05,0.82329,5.000000e-01
1.656449e-05,1.00411,5.000000e-01
1.656449e-05,1.18493,5.000000e-01
1.656449e-05,1.36575,5.000000e-01
1.656449e-05,1.54658,5.000000e-01
1.656449e-05,1.72740,4.999995e-01
1.656449e-05,1.90822,4.999953e-01
1.656449e-05,2.08904,4.999702e-01
1.656449e-05,2.26986,4.998597e-01
1.656449e-05,2.45068,4.994749e-01
1.656449e-05,2.63151,4.983620e-01
1.656449e-05,2.81233,4.955937e-01
1.656449e-05,2.99315,4.895218e-01
1.656449e-05,3.17397,4.775797e-01
1.656449e-05,3.35479,4.563151e-01
1.656449e-05,3.53562,4.219317e-01
1.656449e-05,3.71644,3.716162e-01
1.656449e-05,3.89726,3.056049e-01
1.656449e-05,4.07808,2.291474e-01
1.656449e-05,4.25890,1.526166e-01
1.656449e-05,4.43973,8.826053e-02
1.656449e-05,4.62055,4.459040e-02
1.656449e-05,4.80137,2.251279e-02
1.656449e-05,4.98219,1.671051e-02
1.656449e-05,5.16301,2.067331e-02
1.656449e-05,5.34384,3.045089e-02
1.656449e-05,5.52466,4.494027e-02
1.656449e-05,5.70548,6.447810e-02
1.656449e-05,5.88630,8.970901e-02
1.656449e-05,6.06712,1.210557e-01
1.656449e-05,6.24795,1.584502e-01
1.656449e-05,6.42877,2.011451e-01
1.656449e-05,6.60959,2.476131e-01
1.656449e-05,6.79041,2.955945e-01
1.656449e-05,6.97123,3.423428e-01
1.656449e-05,7.15205,3.850587e-01
1.656449e-05,7.33288,4.214198e-01
1.656449e-05,7.51370,4.500465e-01
1.656449e-05,7.69452,4.707313e-01
1.656449e-05,7.87534,4.843380e-01
1.656449e-05,8.05616,4.924178e-01
1.656449e-05,8.23699,4.967111e-01
1.656449e-05,8.41781,4.987343e-01
1.656449e-05,8.59863,4.995721e-01
1.656449e-05,8.77945,4.998742e-01
1.656449e-05,8.96027,4.999682e-01
1.656449e-05,9.14110,4.999931e-01
1.656449e-05,9.32192,4.999987e-01
1.656449e-05,9.50274,4.999998e-01
1.656449e-05,9.68356,5.000000e-01
1.656449e-05,9.86438,5.000000e-01
2.223474e-05,0.10000,5.000000e-01
2.223474e-05,0.28082,5.000000e-01
2.223474e-05,0.46164,5.000000e-01
2.223474e-05,0.64247,5.000000e-01
2.223474e-05,0.82329,5.000000e-01
2.223474e-05,1.00411,5.000000e-01
2.223474e-05,1.18493,5.000000e-01
2.223474e-05,1.36575,5.000000e-01
2.223474e-05,1.54658,5.000000e-01
2.223474e-05,1.72740,4.999993e-01
2.223474e-05,1.90822,4.999937e-01
2.223474e-05,2.08904,4.999600e-01
2.223474e-05,2.26986,4.998117e-01
2.223474e-05,2.45068,4.992953e-01
2.223474e-05,2.63151,4.978025e-01
2.223474e-05,2.81233,4.940942e-01
2.223474e-05,2.99315,4.859857e-01
2.223474e-05,3.17397,4.701384e-01
2.223474e-05,3.35479,4.422562e-01
2.223474e-05,3.53562,3.981149e-01
2.223474e-05,3.71644,3.357384e-01
2.223474e-05,3.89726,2.582717e-01
2.223474e-05,4.07808,1.756409e-01
2.223474e-05,4.25890,1.022507e-01
2.223474e-05,4.43973,5.022647e-02
2.223474e-05,4.62055,2.286229e-02
2.223474e-05,4.80137,1.463186e-02
2.223474e-05,4.98219,1.750578e-02
2.223474e-05,5.16301,2.649451e-02
2.223474e-05,5.34384,4.028450e-02
2.223474e-05,5.52466,5.936146e-02
2.223474e-05,5.70548,8.458145e-02
2.223474e-05,5.88630,1.165623e-01
2.223474e-05,6.06712,1.553624e-01
2.223474e-05,6.24795,2.002248e-01
2.223474e-05,6.42877,2.494179e-01
2.223474e-05,6.60959,3.002748e-01
2.223474e-05,6.79041,3.495086e-01
2.223474e-05,6.97123,3.937994e-01
2.223474e-05,7.15205,4.305118e-01
2.223474e-05,7.33288,4.582928e-01
2.223474e-05,7.51370,4.772954e-01
2.223474e-05,7.69452,4.889215e-01
2.223474e-05,7.87534,4.952141e-01
2.223474e-05,8.05616,4.981925e-01
2.223474e-05,8.23699,4.994110e-01
2.223474e-05,8.41781,4.998365e-01
2.223474e-05,8.59863,4.999619e-01
2.223474e-05,8.77945,4.999926e-01
2.223474e-05,8.96027,4.999988e-01
2.223474e-05,9.14110,4.999999e-01
2.223474e-05,9.32192,5.000000e-01
2.223474e-05,9.50274,5.000000e-01
2.223474e-05,9.68356,5.000000e-01
2.223474e-05,9.86438,5.000000e-01
2.984598e-05,0.10000,5.000000e-01
2.984598e-05,0.28082,5.000000e-01
2.984598e-05,0.46164,5.000000e-01
2.984598e-05,0.64247,5.000000e-01
2.984598e-05,0.82329,5.000000e-01
2.984598e-05,1.00411,5.000000e-01
2.984598e-05,1.18493,5.000000e-01
2.984598e-05,1.36575,5.000000e-01
2.984598e-05,1.54658,4.999999e-01
2.984598e-05,1.72740,4.999991e-01
2.984598e-05,1.90822,4.999915e-01
2.984598e-05,2.08904,4.999463e-01
2.984598e-05,2.26986,4.997473e-01
2.984598e-05,2.45068,4.990543e-01
2.984598e-05,2.63151,4.970525e-01
2.984598e-05,2.81233,4.920887e-01
2.984598e-05,2.99315,4.812792e-01
2.984598e-05,3.17397,4.603318e-01
2.984598e-05,3.35479,4.240641e-01
2.984598e-05,3.53562,3.682485e-01
2.984598e-05,3.71644,2.929790e-01
2.984598e-05,3.89726,2.061118e-01
2.984598e-05,4.07808,1.231234e-01
2.984598e-05,4.25890,6.037191e-02
2.984598e-05,4.43973,2.529573e-02
2.984598e-05,4.62055,1.324104e-02
2.984598e-05,4.80137,1.445890e-02
2.984598e-05,4.98219,2.235297e-02
2.984598e-05,5.16301,3.511188e-02
2.984598e-05,5.34384,5.330563e-02
2.984598e-05,5.52466,7.801776e-02
2.984598e-05,5.70548,1.101163e-01
2.984598e-05,5.88630,1.498657e-01
2.984598e-05,6.06712,1.965813e-01
2.984598e-05,6.24795,2.483815e-01
2.984598e-05,6.42877,3.021896e-01
2.984598e-05,6.60959,3.541157e-01
2.984598e-05,6.79041,4.002278e-01
2.984598e-05,6.97123,4.375110e-01
2.984598e-05,7.15205,4.646387e-01
2.984598e-05,7.33288,4.821788e-01
2.984598e-05,7.51370,4.921216e-01
2.984598e-05,7.69452,4.969930e-01
2.984598e-05,7.87534,4.990254e-01
2.984598e-05,8.05616,4.997363e-01
2.984598e-05,8.23699,4.999414e-01
2.984598e-05,8.41781,4.999895e-01
2.984598e-05,8.59863,4.999985e-01
2.984598e-05,8.77945,4.999998e-01
2.984598e-05,8.96027,5.000000e-01
2.984598e-05,9.14110,5.000000e-01
2.984598e-05,9.32192,5.000000e-01
2.984598e-05,9.50274,5.000000e-01
2.984598e-05,9.68356,5.000000e-01
2.984598e-05,9.86438,5.000000e-01
4.006265e-05,0.10000,5.000000e-01
4.006265e-05,0.28082,5.000000e-01
4.006265e-05,0.46164,5.000000e-01
4.006265e-05,0.64247,5.000000e-01
4.006265e-05,0.82329,5.000000e-01
4.006265e-05,1.00411,5.000000e-01
4.006265e-05,1.18493,5.000000e-01
4.006265e-05,1.36575,5.000000e-01
4.006265e-05,1.54658,4.999999e-01
4.006265e-05,1.72740,4.999988e-01
4.006265e-05,1.90822,4.999886e-01
4.006265e-05,2.08904,4.999279e-01
4.006265e-05,2.26986,4.996608e-01
4.006265e-05,2.45068,4.987310e-01
4.006265e-05,2.63151,4.960475e-01
4.006265e-05,2.81233,4.894094e-01
4.006265e-05,2.99315,4.750333e-01
4.006265e-05,3.17397,4.474893e-01
4.006265e-05,3.35479,4.008165e-01
4.006265e-05,3.53562,3.316565e-01
4.006265e-05,3.71644,2.440445e-01
4.006265e-05,3.89726,1.523723e-01
4.006265e-05,4.07808,7.680597e-02
4.006265e-05,4.25890,3.090122e-02
4.006265e-05,4.43973,1.295679e-02
4.006265e-05,4.62055,1.172503e-02
4.006265e-05,4.80137,1.822458e-02
4.006265e-05,4.98219,2.965585e-02
4.006265e-05,5.16301,4.654875e-02
4.006265e-05,5.34384,7.021505e-02
4.006265e-05,5.52466,1.018250e-01
4.006265e-05,5.70548,1.419420e-01
4.006265e-05,5.88630,1.900678e-01
4.006265e-05,6.06712,2.442680e-01
4.006265e-05,6.24795,3.010906e-01
4.006265e-05,6.42877,3.559900e-01
4.006265e-05,6.60959,4.043062e-01
4.006265e-05,6.79041,4.425349e-01
4.006265e-05,6.97123,4.693353e-01
4.006265e-05,7.15205,4.857204e-01
4.006265e-05,7.33288,4.943081e-01
4.006265e-05,7.51370,4.980971e-01
4.006265e-05,7.69452,4.994777e-01
4.006265e-05,7.87534,4.998849e-01
4.006265e-05,8.05616,4.999801e-01
4.006265e-05,8.23699,4.999974e-01
4.006265e-05,8.41781,4.999997e-01
4.006265e-05,8.59863,5.000000e-01
4.006265e-05,8.77945,5.000000e-01
4.006265e-05,8.96027,5.000000e-01
4.006265e-05,9.14110,5.000000e-01
4.006265e-05,9.32192,5.000000e-01
4.006265e-05,9.50274,5.000000e-01
4.006265e-05,9.68356,5.000000e-01
4.006265e-05,9.86438,5.000000e-01
5.377663e-05,0.10000,5.000000e-01
5.377663e-05,0.28082,5.000000e-01
5.377663e-05,0.46164,5.000000e-01
5.377663e-05,0.64247,5.000000e-01
5.377663e-05,0.82329,5.000000e-01
5.377663e-05,1.00411,5.000000e-01
5.377663e-05,1.18493,5.000000e-01
5.377663e-05,1.36575,5.000000e-01
5.377663e-05,1.54658,4.999999e-01
5.377663e-05,1.72740,4.999983e-01
5.377663e-05,1.90822,4.999847e-01
5.377663e-05,2.08904,4.999032e-01
5.377663e-05,2.26986,4.995447e-01
5.377663e-05,2.45068,4.982973e-01
5.377663e-05,2.63151,4.947017e-01
5.377663e-05,2.81233,4.858359e-01
5.377663e-05,2.99315,4.667766e-01
5.377663e-05,3.17397,4.308125e-01
5.377663e-05,3.35479,3.716041e-01
5.377663e-05,3.53562,2.882002e-01
5.377663e-05,3.71644,1.910075e-01
5.377663e-05,3.89726,1.017792e-01
5.377663e-05,4.07808,4.144646e-02
5.377663e-05,4.25890,1.452451e-02
5.377663e-05,4.43973,9.560736e-03
5.377663e-05,4.62055,1.431761e-02
5.377663e-05,4.80137,2.417877e-02
5.377663e-05,4.98219,3.939165e-02
5.377663e-05,5.16301,6.146609e-02
5.377663e-05,5.34384,9.191110e-02
5.377663e-05,5.52466,1.316840e-01
5.377663e-05,5.70548,1.806167e-01
5.377663e-05,5.88630,2.368720e-01
5.377663e-05,6.06712,2.967135e-01
5.377663e-05,6.24795,3.549151e-01
5.377663e-05,6.42877,4.059528e-01
5.377663e-05,6.60959,4.456658e-01
5.377663e-05,6.79041,4.725983e-01
5.377663e-05,6.97123,4.882065e-01
5.377663e-05,7.15205,4.957724e-01
5.377663e-05,7.33288,4.987700e-01
5.377663e-05,7.51370,4.997174e-01
5.377663e-05,7.69452,4.999502e-01
5.377663e-05,7.87534,4.999935e-01
5.377663e-05,8.05616,4.999994e-01
5.377663e-05,8.23699,5.000000e-01
5.377663e-05,8.41781,5.000000e-01
5.377663e-05,8.59863,5.000000e-01
5.377663e-05,8.77945,5.000000e-01
5.377663e-05,8.96027,5.000000e-01
5.377663e-05,9.14110,5.000000e-01
5.377663e-05,9.32192,5.000000e-01
5.377663e-05,9.50274,5.000000e-01
5.377663e-05,9.68356,5.000000e-01
5.377663e-05,9.86438,5.000000e-01
7.218509e-05,0.10000,5.000000e-01
7.218509e-05,0.28082,5.000000e-01
7.218509e-05,0.46164,5.000000e-01
7.218509e-05,0.64247,5.000000e-01
7.218509e-05,0.82329,5.000000e-01
7.218509e-05,1.00411,5.000000e-01
7.218509e-05,1.18493,5.000000e-01
7.218509e-05,1.36575,5.000000e-01
7.218509e-05,1.54658,4.999999e-01
7.218509e-05,1.72740,4.999978e-01
7.218509e-05,1.90822,4.999794e-01
7.218509e-05,2.08904,4.998701e-01
7.218509e-05,2.26986,4.993889e-01
7.218509e-05,2.45068,4.977158e-01
7.218509e-05,2.63151,4.929009e-01
7.218509e-05,2.81233,4.810801e-01
7.218509e-05,2.99315,4.559187e-01
7.218509e-05,3.17397,4.094004e-01
7.218509e-05,3.35479,3.357147e-01
7.218509e-05,3.53562,2.387035e-01
7.218509e-05,3.71644,1.375628e-01
7.218509e-05,3.89726,5.957834e-02
7.218509e-05,4.07808,1.929903e-02
7.218509e-05,4.25890,8.367120e-03
7.218509e-05,4.43973,1.083859e-02
7.218509e-05,4.62055,1.894715e-02
7.218509e-05,4.80137,3.217666e-02
7.218509e-05,4.98219,5.215008e-02
7.218509e-05,5.16301,8.072142e-02
7.218509e-05,5.34384,1.193222e-01
7.218509e-05,5.52466,1.682747e-01
7.218509e-05,5.70548,2.260456e-01
7.218509e-05,5.88630,2.887829e-01
7.218509e-05,6.06712,3.506134e-01
7.218509e-05,6.24795,4.050093e-01
7.218509e-05,6.42877,4.469171e-01
7.218509e-05,6.60959,4.745833e-01
7.218509e-05,6.79041,4.898596e-01
7.218509e-05,6.97123,4.967297e-01
7.218509e-05,7.15205,4.991749e-01
7.218509e-05,7.33288,4.998427e-01
7.218509e-05,7.51370,4.999782e-01
7.218509e-05,7.69452,4.999979e-01
7.218509e-05,7.87534,4.999999e-01
7.218509e-05,8.05616,5.000000e-01
7.218509e-05,8.23699,5.000000e-01
7.218509e-05,8.41781,5.000000e-01
7.218509e-05,8.59863,5.000000e-01
7.218509e-05,8.77945,5.000000e-01
7.218509e-05,8.96027,5.000000e-01
7.218509e-05,9.14110,5.000000e-01
7.218509e-05,9.32192,5.000000e-01
7.218509e-05,9.50274,5.000000e-01
7.218509e-05,9.68356,5.000000e-01
7.218509e-05,9.86438,5.000000e-01
9.689500e-05,0.10000,5.000000e-01
9.689500e-05,0.28082,5.000000e-01
9.689500e-05,0.46164,5.000000e-01
9.689500e-05,0.64247,5.000000e-01
9.689500e-05,0.82329,5.000000e-01
9.689500e-05,1.00411,5.000000e-01
9.689500e-05,1.18493,5.000000e-01
9.689500e-05,1.36575,5.000000e-01
9.689500e-05,1.54658,4.999998e-01
9.689500e-05,1.72740,4.999970e-01
9.689500e-05,1.90822,4.999724e-01
9.689500e-05,2.08904,4.998256e-01
9.689500e-05,2.26986,4.991799e-01
9.689500e-05,2.45068,4.969362e-01
9.689500e-05,2.63151,4.904940e-01
9.689500e-05,2.81233,4.747695e-01
9.689500e-05,2.99315,4.417402e-01
9.689500e-05,3.17397,3.823233e-01
9.689500e-05,3.35479,2.929350e-01
9.689500e-05,3.53562,1.853957e-01
9.689500e-05,3.71644,8.871513e-02
9.689500e-05,3.89726,2.968301e-02
9.689500e-05,4.07808,8.905497e-03
9.689500e-05,4.25890,8.005585e-03
9.689500e-05,4.43973,1.420366e-02
9.689500e-05,4.62055,2.525565e-02
9.689500e-05,4.80137,4.270838e-02
9.689500e-05,4.98219,6.872222e-02
9.689500e-05,5.16301,1.052457e-01
9.689500e-05,5.34384,1.532445e-01
9.689500e-05,5.52466,2.117420e-01
9.689500e-05,5.70548,2.770361e-01
9.689500e-05,5.88630,3.427389e-01
9.689500e-05,6.06712,4.012098e-01
9.689500e-05,6.24795,4.462010e-01
9.689500e-05,6.42877,4.753659e-01
9.689500e-05,6.60959,4.908332e-01
9.689500e-05,6.79041,4.973298e-01
9.689500e-05,6.97123,4.994154e-01
9.689500e-05,7.15205,4.999079e-01
9.689500e-05,7.33288,4.999900e-01
9.689500e-05,7.51370,4.999993e-01
9.689500e-05,7.69452,5.000000e-01
9.689500e-05,7.87534,5.000000e-01
9.689500e-05,8.05616,5.000000e-01
9.689500e-05,8.23699,5.000000e-01
9.689500e-05,8.41781,5.000000e-01
9.689500e-05,8.59863,5.000000e-01
9.689500e-05,8.77945,5.000000e-01
9.689500e-05,8.96027,5.000000e-01
9.689500e-05,9.14110,5.000000e-01
9.689500e-05,9.32192,5.000000e-01
9.689500e-05,9.50274,5.000000e-01
9.689500e-05,9.68356,5.000000e-01
9.689500e-05,9.86438,5.000000e-01
1.300634e-04,0.10000,5.000000e-01
1.300634e-04,0.28082,5.000000e-01
1.300634e-04,0.46164,5.000000e-01
1.300634e-04,0.64247,5.000000e-01
1.300634e-04,0.82329,5.000000e-01
1.300634e-04,1.00411,5.000000e-01
1.300634e-04,1.18493,5.000000e-01
1.300634e-04,1.36575,5.000000e-01
1.300634e-04,1.54658,4.999997e-01
1.300634e-04,1.72740,4.999960e-01
1.300634e-04,1.90822,4.999629e-01
1.300634e-04,2.08904,4.997659e-01
1.300634e-04,2.26986,4.988995e-01
1.300634e-04,2.45068,4.958918e-01
1.300634e-04,2.63151,4.872817e-01
1.300634e-04,2.81233,4.664286e-01
1.300634e-04,2.99315,4.233991e-01
1.300634e-04,3.17397,3.487732e-01
1.300634e-04,3.35479,2.439670e-01
1.300634e-04,3.53562,1.321293e-01
1.300634e-04,3.71644,4.954625e-02
1.300634e-04,3.89726,1.277258e-02
1.300634e-04,4.07808,6.137399e-03
1.300634e-04,4.25890,1.014452e-02
1.300634e-04,4.43973,1.895084e-02
1.300634e-04,4.62055,3.360434e-02
1.300634e-04,4.80137,5.647364e-02
1.300634e-04,4.98219,9.000727e-02
1.300634e-04,5.16301,1.359250e-01
1.300634e-04,5.34384,1.940758e-01
1.300634e-04,5.52466,2.612717e-01
1.300634e-04,5.70548,3.308885e-01
1.300634e-04,5.88630,3.941573e-01
1.300634e-04,6.06712,4.432928e-01
1.300634e-04,6.24795,4.749188e-01
1.300634e-04,6.42877,4.912101e-01
1.300634e-04,6.60959,4.976681e-01
1.300634e-04,6.79041,4.995547e-01
1.300634e-04,6.97123,4.999420e-01
1.300634e-04,7.15205,4.999952e-01
1.300634e-04,7.33288,4.999998e-01
1.300634e-04,7.51370,5.000000e-01
1.300634e-04,7.69452,5.000000e-01
1.300634e-04,7.87534,5.000000e-01
1.300634e-04,8.05616,5.000000e-01
1.300634e-04,8.23699,5.000000e-01
1.300634e-04,8.41781,5.000000e-01
1.300634e-04,8.59863,5.000000e-01
1.300634e-04,8.77945,5.000000e-01
1.300634e-04,8.96027,5.000000e-01
1.300634e-04,9.14110,5.000000e-01
1.300634e-04,9.32192,5.000000e-01
1.300634e-04,9.50274,5.000000e-01
1.300634e-04,9.68356,5.000000e-01
1.300634e-04,9.86438,5.000000e-01
1.745859e-04,0.10000,5.000000e-01
1.745859e-04,0.28082,5.000000e-01
1.745859e-04,0.46164,5.000000e-01
1.745859e-04,0.64247,5.000000e-01
1.745859e-04,0.82329,5.000000e-01
1.745859e-04,1.00411,5.000000e-01
1.745859e-04,1.18493,5.000000e-01
1.745859e-04,1.36575,5.000000e-01
1.745859e-04,1.54658,4.999997e-01
1.745859e-04,1.72740,4.999946e-01
1.745859e-04,1.90822,4.999502e-01
1.745859e-04,2.08904,4.996858e-01
1.745859e-04,2.26986,4.985233e-01
1.745859e-04,2.45068,4.944933e-01
1.745859e-04,2.63151,4.830028e-01
1.745859e-04,2.81233,4.554625e-01
1.745859e-04,2.99315,3.999716e-01
1.745859e-04,3.17397,3.083235e-01
1.745859e-04,3.35479,1.908765e-01
1.745859e-04,3.53562,8.398554e-02
1.745859e-04,3.71644,2.321839e-02
1.745859e-04,3.89726,5.951001e-03
1.745859e-04,4.07808,6.922855e-03
1.745859e-04,4.25890,1.351534e-02
1.745859e-04,4.43973,2.527091e-02
1.745859e-04,4.62055,4.458080e-02
1.745859e-04,4.80137,7.430178e-02
1.745859e-04,4.98219,1.169364e-01
1.745859e-04,5.16301,1.733918e-01
1.745859e-04,5.34384,2.414294e-01
1.745859e-04,5.52466,3.146474e-01
1.745859e-04,5.70548,3.833155e-01
1.745859e-04,5.88630,4.377935e-01
1.745859e-04,6.06712,4.730823e-01
1.745859e-04,6.24795,4.909953e-01
1.745859e-04,6.42877,4.977959e-01
1.745859e-04,6.60959,4.996287e-01
1.745859e-04,6.79041,4.999598e-01
1.745859e-04,6.97123,4.999974e-01
1.745859e-04,7.15205,4.999999e-01
1.745859e-04,7.33288,5.000000e-01
1.745859e-04,7.51370,5.000000e-01
1.745859e-04,7.69452,5.000000e-01
1.745859e-04,7.87534,5.000000e-01
1.745859e-04,8.05616,5.000000e-01
1.745859e-04,8.23699,5.000000e-01
1.745859e-04,8.41781,5.000000e-01
1.745859e-04,8.59863,5.000000e-01
1.745859e-04,8.77945,5.000000e-01
1.745859e-04,8.96027,5.000000e-01
1.745859e-04,9.14110,5.000000e-01
1.745859e-04,9.32192,5.000000e-01
1.745859e-04,9.50274,5.000000e-01
1.745859e-04,9.68356,5.000000e-01
1.745859e-04,9.86438,5.000000e-01
2.343490e-04,0.10000,5.000000e-01
2.343490e-04,0.28082,5.000000e-01
2.343490e-04,0.46164,5.000000e-01
2.343490e-04,0.64247,5.000000e-01
2.343490e-04,0.82329,5.000000e-01
2.343490e-04,1.00411,5.000000e-01
2.343490e-04,1.18493,5.000000e-01
2.343490e-04,1.36575,5.000000e-01
2.343490e-04,1.54658,4.999995e-01
2.343490e-04,1.72740,4.999928e-01
2.343490e-04,1.90822,4.999332e-01
2.343490e-04,2.08904,4.995784e-01
2.343490e-04,2.26986,4.980189e-01
2.343490e-04,2.45068,4.926222e-01
2.343490e-04,2.63151,4.773182e-01
2.343490e-04,2.81233,4.411469e-01
2.343490e-04,2.99315,3.705503e-01
2.343490e-04,3.17397,2.613096e-01
2.343490e-04,3.35479,1.373506e-01
2.343490e-04,3.53562,4.594380e-02
2.343490e-04,3.71644,9.337649e-03
2.343490e-04,3.89726,4.744117e-03
2.343490e-04,4.07808,9.104352e-03
2.343490e-04,4.25890,1.805516e-02
2.343490e-04,4.43973,3.362471e-02
2.343490e-04,4.62055,5.890964e-02
2.343490e-04,4.80137,9.711134e-02
2.343490e-04,4.98219,1.503243e-01
2.343490e-04,5.16301,2.176949e-01
2.343490e-04,5.34384,2.936788e-01
2.343490e-04,5.52466,3.680311e-01
2.343490e-04,5.70548,4.290935e-01
2.343490e-04,5.88630,4.695213e-01
2.343490e-04,6.06712,4.900993e-01
2.343490e-04,6.24795,4.977233e-01
2.343490e-04,6.42877,4.996558e-01
2.343490e-04,6.60959,4.999685e-01
2.343490e-04,6.79041,4.999984e-01
2.343490e-04,6.97123,5.000000e-01
2.343490e-04,7.15205,5.000000e-01
2.343490e-04,7.33288,5.000000e-01
2.343490e-04,7.51370,5.000000e-01
2.343490e-04,7.69452,5.000000e-01
2.343490e-04,7.87534,5.000000e-01
2.343490e-04,8.05616,5.000000e-01
2.343490e-04,8.23699,5.000000e-01
2.343490e-04,8.41781,5.000000e-01
2.343490e-04,8.59863,5.000000e-01
2.343490e-04,8.77945,5.000000e-01
2.343490e-04,8.96027,5.000000e-01
2.343490e-04,9.14110,5.000000e-01
2.343490e-04,9.32192,5.000000e-01
2.343490e-04,9.50274,5.000000e-01
2.343490e-04,9.68356,5.000000e-01
2.343490e-04,9.86438,5.000000e-01
3.145697e-04,0.10000,5.000000e-01
3.145697e-04,0.28082,5.000000e-01
3.145697e-04,0.46164,5.000000e-01
3.145697e-04,0.64247,5.000000e-01
3.145697e-04,0.82329,5.000000e-01
3.145697e-04,1.00411,5.000000e-01
3.145697e-04,1.18493,5.000000e-01
3.145697e-04,1.36575,5.000000e-01
3.145697e-04,1.54658,4.999994e-01
3.145697e-04,1.72740,4.999903e-01
3.145697e-04,1.90822,4.999103e-01
3.145697e-04,2.08904,4.994341e-01
3.145697e-04,2.26986,4.973425e-01
3.145697e-04,2.45068,4.901218e-01
3.145697e-04,2.63151,4.697927e-01
3.145697e-04,2.81233,4.226358e-01
3.145697e-04,2.99315,3.344325e-01
3.145697e-04,3.17397,2.092834e-01
3.145697e-04,3.35479,8.838561e-02
3.145697e-04,3.53562,2.085198e-02
3.145697e-04,3.71644,4.273842e-03
3.145697e-04,3.89726,5.777464e-03
3.145697e-04,4.07808,1.217253e-02
3.145697e-04,4.25890,2.408465e-02
3.145697e-04,4.43973,4.460750e-02
3.145697e-04,4.62055,7.743727e-02
3.145697e-04,4.80137,1.258195e-01
3.145697e-04,4.98219,1.906125e-01
3.145697e-04,5.16301,2.678658e-01
3.145697e-04,5.34384,3.476124e-01
3.145697e-04,5.52466,4.163542e-01
3.145697e-04,5.70548,4.636665e-01
3.145697e-04,5.88630,4.883024e-01
3.145697e-04,6.06712,4.974142e-01
3.145697e-04,6.24795,4.996405e-01
3.145697e-04,6.42877,4.999715e-01
3.145697e-04,6.60959,4.999989e-01
3.145697e-04,6.79041,5.000000e-01
3.145697e-04,6.97123,5.000000e-01
3.145697e-04,7.15205,5.000000e-01
3.145697e-04,7.33288,5.000000e-01
3.145697e-04,7.51370,5.000000e-01
3.145697e-04,7.69452,5.000000e-01
3.145697e-04,7.87534,5.000000e-01
3.145697e-04,8.05616,5.000000e-01
3.145697e-04,8.23699,5.000000e-01
3.145697e-04,8.41781,5.000000e-01
3.145697e-04,8.59863,5.000000e-01
3.145697e-04,8.77945,5.000000e-01
3.145697e-04,8.96027,5.000000e-01
3.145697e-04,9.14110,5.000000e-01
3.145697e-04,9.32192,5.000000e-01
3.145697e-04,9.50274,5.000000e-01
3.145697e-04,9.68356,5.000000e-01
3.145697e-04,9.86438,5.000000e-01
4.222511e-04,0.10000,5.000000e-01
4.222511e-04,0.28082,5.000000e-01
4.222511e-04,0.46164,5.000000e-01
4.222511e-04,0.64247,5.000000e-01
4.222511e-04,0.82329,5.000000e-01
4.222511e-04,1.00411,5.000000e-01
4.222511e-04,1.18493,5.000000e-01
4.222511e-04,1.36575,5.000000e-01
4.222511e-04,1.54658,4.999992e-01
4.222511e-04,1.72740,4.999870e-01
4.222511e-04,1.90822,4.998796e-01
4.222511e-04,2.08904,4.992405e-01
4.222511e-04,2.26986,4.964361e-01
4.222511e-04,2.45068,4.867854e-01
4.222511e-04,2.63151,4.598774e-01
4.222511e-04,2.81233,3.990035e-01
4.222511e-04,2.99315,2.914258e-01
4.222511e-04,3.17397,1.553719e-01
4.222511e-04,3.35479,4.905576e-02
4.222511e-04,3.53562,7.920989e-03
4.222511e-04,3.71644,3.611469e-03
4.222511e-04,3.89726,7.684433e-03
4.222511e-04,4.07808,1.627067e-02
4.222511e-04,4.25890,3.205974e-02
4.222511e-04,4.43973,5.894435e-02
4.222511e-04,4.62055,1.010896e-01
4.222511e-04,4.80137,1.611654e-01
4.222511e-04,4.98219,2.374926e-01
4.222511e-04,5.16301,3.214871e-01
4.222511e-04,5.34384,3.985367e-01
4.222511e-04,5.52466,4.546446e-01
4.222511e-04,5.70548,4.851909e-01
4.222511e-04,5.88630,4.967654e-01
4.222511e-04,6.06712,4.995735e-01
4.222511e-04,6.24795,4.999698e-01
4.222511e-04,6.42877,4.999990e-01
4.222511e-04,6.60959,5.000000e-01
4.222511e-04,6.79041,5.000000e-01
4.222511e-04,6.97123,5.000000e-01
4.222511e-04,7.15205,5.000000e-01
4.222511e-04,7.33288,5.000000e-01
4.222511e-04,7.51370,5.000000e-01
4.222511e-04,7.69452,5.000000e-01
4.222511e-04,7.87534,5.000000e-01
4.222511e-04,8.05616,5.000000e-01
4.222511e-04,8.23699,5.000000e-01
4.222511e-04,8.41781,5.000000e-01
4.222511e-04,8.59863,5.000000e-01
4.222511e-04,8.77945,5.000000e-01
4.222511e-04,8.96027,5.000000e-01
4.222511e-04,9.14110,5.000000e-01
4.222511e-04,9.32192,5.000000e-01
4.222511e-04,9.50274,5.000000e-01
4.222511e-04,9.68356,5.000000e-01
4.222511e-04,9.86438,5.000000e-01
5.667932e-04,0.10000,5.000000e-01
5.667932e-04,0.28082,5.000000e-01
5.667932e-04,0.46164,5.000000e-01
5.667932e-04,0.64247,5.000000e-01
5.667932e-04,0.82329,5.000000e-01
5.667932e-04,1.00411,5.000000e-01
5.667932e-04,1.18493,5.000000e-01
5.667932e-04,1.36575,5.000000e-01
5.667932e-04,1.54658,4.999989e-01
5.667932e-04,1.72740,4.999826e-01
5.667932e-04,1.90822,4.998384e-01
5.667932e-04,2.08904,4.989808e-01
5.667932e-04,2.26986,4.952219e-01
5.667932e-04,2.45068,4.823426e-01
5.667932e-04,2.63151,4.468961e-01
5.667932e-04,2.81233,3.693461e-01
5.667932e-04,2.99315,2.422664e-01
5.667932e-04,3.17397,1.042087e-01
5.667932e-04,3.35479,2.251643e-02
5.667932e-04,3.53562,3.294405e-03
5.667932e-04,3.71644,4.516879e-03
5.667932e-04,3.89726,1.028541e-02
5.667932e-04,4.07808,2.171781e-02
5.667932e-04,4.25890,4.255511e-02
5.667932e-04,4.43973,7.748189e-02
5.667932e-04,4.62055,1.307706e-01
5.667932e-04,4.80137,2.034193e-01
5.667932e-04,4.98219,2.894513e-01
5.667932e-04,5.16301,3.745263e-01
5.667932e-04,5.34384,4.412237e-01
5.667932e-04,5.52466,4.800556e-01
5.667932e-04,5.70548,4.955606e-01
5.667932e-04,5.88630,4.994240e-01
5.667932e-04,6.06712,4.999620e-01
5.667932e-04,6.24795,4.999989e-01
5.667932e-04,6.42877,5.000000e-01
5.667932e-04,6.60959,5.000000e-01
5.667932e-04,6.79041,5.000000e-01
5.667932e-04,6.97123,5.000000e-01
5.667932e-04,7.15205,5.000000e-01
5.667932e-04,7.33288,5.000000e-01
5.667932e-04,7.51370,5.000000e-01
5.667932e-04,7.69452,5.000000e-01
5.667932e-04,7.87534,5.000000e-01
5.667932e-04,8.05616,5.000000e-01
5.667932e-04,8.23699,5.000000e-01
5.667932e-04,8.41781,5.000000e-01
5.667932e-04,8.59863,5.000000e-01
5.667932e-04,8.77945,5.000000e-01
5.667932e-04,8.96027,5.000000e-01
5.667932e-04,9.14110,5.000000e-01
5.667932e-04,9.32192,5.000000e-01
5.667932e-04,9.50274,5.000000e-01
5.667932e-04,9.68356,5.000000e-01
5.667932e-04,9.86438,5.000000e-01
7.608141e-04,0.10000,5.000000e-01
7.608141e-04,0.28082,5.000000e-01
7.608141e-04,0.46164,5.000000e-01
7.608141e-04,0.64247,5.000000e-01
7.608141e-04,0.82329,5.000000e-01
7.608141e-04,1.00411,5.000000e-01
7.608141e-04,1.18493,5.000000e-01
7.608141e-04,1.36575,5.000000e-01
7.608141e-04,1.54658,4.999985e-01
7.608141e-04,1.72740,4.999766e-01
7.608141e-04,1.90822,4.997831e-01
7.608141e-04,2.08904,4.986324e-01
7.608141e-04,2.26986,4.935969e-01
7.608141e-04,2.45068,4.764426e-01
7.608141e-04,2.63151,4.300455e-01
7.608141e-04,2.81233,3.329732e-01
7.608141e-04,2.99315,1.890667e-01
7.608141e-04,3.17397,6.103796e-02
7.608141e-04,3.35479,8.364341e-03
7.608141e-04,3.53562,2.619497e-03
7.608141e-04,3.71644,6.028536e-03
7.608141e-04,3.89726,1.375738e-02
7.608141e-04,4.07808,2.893328e-02
7.608141e-04,4.25890,5.627408e-02
7.608141e-04,4.43973,1.011462e-01
7.608141e-04,4.62055,1.671699e-01
7.608141e-04,4.80137,2.519741e-01
7.608141e-04,4.98219,3.434065e-01
7.608141e-04,5.16301,4.218332e-01
7.608141e-04,5.34384,4.717557e-01
7.608141e-04,5.52466,4.933798e-01
7.608141e-04,5.70548,4.991189e-01
7.608141e-04,5.88630,4.999432e-01
7.608141e-04,6.06712,4.999985e-01
7.608141e-04,6.24795,5.000000e-01
7.608141e-04,6.42877,5.000000e-01
7.608141e-04,6.60959,5.000000e-01
7.608141e-04,6.79041,5.000000e-01
7.608141e-04,6.97123,5.000000e-01
7.608141e-04,7.15205,5.000000e-01
7.608141e-04,7.33288,5.000000e-01
7.608141e-04,7.51370,5.000000e-01
7.608141e-04,7.69452,5.000000e-01
7.608141e-04,7.87534,5.000000e-01
7.608141e-04,8.05616,5.000000e-01
7.608141e-04,8.23699,5.000000e-01
7.608141e-04,8.41781,5.000000e-01
7.608141e-04,8.59863,5.000000e-01
7.608141e-04,8.77945,5.000000e-01
7.608141e-04,8.96027,5.000000e-01
7.608141e-04,9.14110,5.000000e-01
7.608141e-04,9.32192,5.000000e-01
7.608141e-04,9.50274,5.000000e-01
7.608141e-04,9.68356,5.000000e-01
7.608141e-04,9.86438,5.000000e-01
1.021251e-03,0.10000,5.000000e-01
1.021251e-03,0.28082,5.000000e-01
1.021251e-03,0.46164,5.000000e-01
1.021251e-03,0.64247,5.000000e-01
1.021251e-03,0.82329,5.000000e-01
1.021251e-03,1.00411,5.000000e-01
1.021251e-03,1.18493,5.000000e-01
1.021251e-03,1.36575,4.999999e-01
1.021251e-03,1.54658,4.999980e-01
1.021251e-03,1.72740,4.999686e-01
1.021251e-03,1.90822,4.997088e-01
1.021251e-03,2.08904,4.981651e-01
1.021251e-03,2.26986,4.914239e-01
1.021251e-03,2.45068,4.686363e-01
1.021251e-03,2.63151,4.084213e-01
1.021251e-03,2.81233,2.897178e-01
1.021251e-03,2.99315,1.355607e-01
1.021251e-03,3.17397,2.990692e-02
1.021251e-03,3.35479,2.951677e-03
1.021251e-03,3.53562,3.253486e-03
1.021251e-03,3.71644,8.074654e-03
1.021251e-03,3.89726,1.837921e-02
1.021251e-03,4.07808,3.844786e-02
1.021251e-03,4.25890,7.404465e-02
1.021251e-03,4.43973,1.308409e-01
1.021251e-03,4.62055,2.104527e-01
1.021251e-03,4.80137,3.048934e-01
1.021251e-03,4.98219,3.947600e-01
1.021251e-03,5.16301,4.585871e-01
1.021251e-03,5.34384,4.894389e-01
1.021251e-03,5.52466,4.984935e-01
1.021251e-03,5.70548,4.998995e-01
1.021251e-03,5.88630,4.999975e-01
1.021251e-03,6.06712,5.000000e-01
1.021251e-03,6.24795,5.000000e-01
1.021251e-03,6.42877,5.000000e-01
1.021251e-03,6.60959,5.000000e-01
1.021251e-03,6.79041,5.000000e-01
1.021251e-03,6.97123,5.000000e-01
1.021251e-03,7.15205,5.000000e-01
1.021251e-03,7.33288,5.000000e-01
1.021251e-03,7.51370,5.000000e-01
1.021251e-03,7.69452,5.000000e-01
1.021251e-03,7.87534,5.000000e-01
1.021251e-03,8.05616,5.000000e-01
1.021251e-03,8.23699,5.000000e-01
1.021251e-03,8.41781,5.000000e-01
1.021251e-03,8.59863,5.000000e-01
1.021251e-03,8.77945,5.000000e-01
1.021251e-03,8.96027,5.000000e-01
1.021251e-03,9.14110,5.000000e-01
1.021251e-03,9.32192,5.000000e-01
1.021251e-03,9.50274,5.000000e-01
1.021251e-03,9.68356,5.000000e-01
1.021251e-03,9.86438,5.000000e-01
1.370839e-03,0.10000,5.000000e-01
1.370839e-03,0.28082,5.000000e-01
1.370839e-03,0.46164,5.000000e-01
1.370839e-03,0.64247,5.000000e-01
1.370839e-03,0.82329,5.000000e-01
1.370839e-03,1.00411,5.000000e-01
1.370839e-03,1.18493,5.000000e-01
1.370839e-03,1.36575,4.999999e-01
1.370839e-03,1.54658,4.999973e-01
1.370839e-03,1.72740,4.999579e-01
1.370839e-03,1.90822,4.996092e-01
1.370839e-03,2.08904,4.975386e-01
1.370839e-03,2.26986,4.885221e-01
1.370839e-03,2.45068,4.583585e-01
1.370839e-03,2.63151,3.810944e-01
1.370839e-03,2.81233,2.403583e-01
1.370839e-03,2.99315,8.676718e-02
1.370839e-03,3.17397,1.171844e-02
1.370839e-03,3.35479,1.832909e-03
1.370839e-03,3.53562,4.343796e-03
1.370839e-03,3.71644,1.080864e-02
1.370839e-03,3.89726,2.451418e-02
1.370839e-03,4.07808,5.091801e-02
1.370839e-03,4.25890,9.678467e-02
1.370839e-03,4.43973,1.672549e-01
1.370839e-03,4.62055,2.598373e-01
1.370839e-03,4.80137,3.586261e-01
1.370839e-03,4.98219,4.382685e-01
1.370839e-03,5.16301,4.823474e-01
1.370839e-03,5.34384,4.971800e-01
1.370839e-03,5.52466,4.997935e-01
1.370839e-03,5.70548,4.999945e-01
1.370839e-03,5.88630,5.000000e-01
1.370839e-03,6.06712,5.000000e-01
1.370839e-03,6.24795,5.000000e-01
1.370839e-03,6.42877,5.000000e-01
1.370839e-03,6.60959,5.000000e-01
1.370839e-03,6.79041,5.000000e-01
1.370839e-03,6.97123,5.000000e-01
1.370839e-03,7.15205,5.000000e-01
1.370839e-03,7.33288,5.000000e-01
1.370839e-03,7.51370,5.000000e-01
1.370839e-03,7.69452,5.000000e-01
1.370839e-03,7.87534,5.000000e-01
1.370839e-03,8.05616,5.000000e-01
1.370839e-03,8.23699,5.000000e-01
1.370839e-03,8.41781,5.000000e-01
1.370839e-03,8.59863,5.000000e-01
1.370839e-03,8.77945,5.000000e-01
1.370839e-03,8.96027,5.000000e-01
1.370839e-03,9.14110,5.000000e-01
1.370839e-03,9.32192,5.000000e-01
1.370839e-03,9.50274,5.000000e-01
1.370839e-03,9.68356,5.000000e-01
1.370839e-03,9.86438,5.000000e-01
1.840095e-03,0.10000,5.000000e-01
1.840095e-03,0.28082,5.000000e-01
1.840095e-03,0.46164,5.000000e-01
1.840095e-03,0.64247,5.000000e-01
1.840095e-03,0.82329,5.000000e-01
1.840095e-03,1.00411,5.000000e-01
1.840095e-03,1.18493,5.000000e-01
1.840095e-03,1.36575,4.999999e-01
1.840095e-03,1.54658,4.999964e-01
1.840095e-03,1.72740,4.999435e-01
1.840095e-03,1.90822,4.994755e-01
1.840095e-03,2.08904,4.966988e-01
1.840095e-03,2.26986,4.846539e-01
1.840095e-03,2.45068,4.449160e-01
1.840095e-03,2.63151,3.472659e-01
1.840095e-03,2.81233,1.870635e-01
1.840095e-03,2.99315,4.772803e-02
1.840095e-03,3.17397,3.736627e-03
1.840095e-03,3.35479,2.132259e-03
1.840095e-03,3.53562,5.821528e-03
1.840095e-03,3.71644,1.445465e-02
1.840095e-03,3.89726,3.262654e-02
1.840095e-03,4.07808,6.712884e-02
1.840095e-03,4.25890,1.254121e-01
1.840095e-03,4.43973,2.105519e-01
1.840095e-03,4.62055,3.131509e-01
1.840095e-03,4.80137,4.082564e-01
1.840095e-03,4.98219,4.698333e-01
1.840095e-03,5.16301,4.943803e-01
1.840095e-03,5.34384,4.995208e-01
1.840095e-03,5.52466,4.999857e-01
1.840095e-03,5.70548,4.999999e-01
1.840095e-03,5.88630,5.000000e-01
1.840095e-03,6.06712,5.000000e-01
1.840095e-03,6.24795,5.000000e-01
1.840095e-03,6.42877,5.000000e-01
1.840095e-03,6.60959,5.000000e-01
1.840095e-03,6.79041,5.000000e-01
1.840095e-03,6.97123,5.000000e-01
1.840095e-03,7.15205,5.000000e-01
1.840095e-03,7.33288,5.000000e-01
1.840095e-03,7.51370,5.000000e-01
1.840095e-03,7.69452,5.000000e-01
1.840095e-03,7.87534,5.000000e-01
1.840095e-03,8.05616,5.000000e-01
1.840095e-03,8.23699,5.000000e-01
1.840095e-03,8.41781,5.000000e-01
1.840095e-03,8.59863,5.000000e-01
1.840095e-03,8.77945,5.000000e-01
1.840095e-03,8.96027,5.000000e-01
1.840095e-03,9.14110,5.000000e-01
1.840095e-03,9.32192,5.000000e-01
1.840095e-03,9.50274,5.000000e-01
1.840095e-03,9.68356,5.000000e-01
1.840095e-03,9.86438,5.000000e-01
2.469984e-03,0.10000,5.000000e-01
2.469984e-03,0.28082,5.000000e-01
2.469984e-03,0.46164,5.000000e-01
2.469984e-03,0.64247,5.000000e-01
2.469984e-03,0.82329,5.000000e-01
2.469984e-03,1.00411,5.000000e-01
2.469984e-03,1.18493,5.000000e-01
2.469984e-03,1.36575,4.999998e-01
2.469984e-03,1.54658,4.999951e-01
2.469984e-03,1.72740,4.999241e-01
2.469984e-03,1.90822,4.992961e-01
2.469984e-03,2.08904,4.955738e-01
2.469984e-03,2.26986,4.795096e-01
2.469984e-03,2.45068,4.274896e-01
2.469984e-03,2.63151,3.065301e-01
2.469984e-03,2.81233,1.336241e-01
2.469984e-03,2.99315,2.149937e-02
2.469984e-03,3.17397,1.447998e-03
2.469984e-03,3.35479,2.834755e-03
2.469984e-03,3.53562,7.798698e-03
2.469984e-03,3.71644,1.930604e-02
2.469984e-03,3.89726,4.329873e-02
2.469984e-03,4.07808,8.797273e-02
2.469984e-03,4.25890,1.606702e-01
2.469984e-03,4.43973,2.599478e-01
2.469984e-03,4.62055,3.665989e-01
2.469984e-03,4.80137,4.486550e-01
2.469984e-03,4.98219,4.884629e-01
2.469984e-03,5.16301,4.987909e-01
2.469984e-03,5.34384,4.999556e-01
2.469984e-03,5.52466,4.999996e-01
2.469984e-03,5.70548,5.000000e-01
2.469984e-03,5.88630,5.000000e-01
2.469984e-03,6.06712,5.000000e-01
2.469984e-03,6.24795,5.000000e-01
2.469984e-03,6.42877,5.000000e-01
2.469984e-03,6.60959,5.000000e-01
2.469984e-03,6.79041,5.000000e-01
2.469984e-03,6.97123,5.000000e-01
2.469984e-03,7.15205,5.000000e-01
2.469984e-03,7.33288,5.000000e-01
2.469984e-03,7.51370,5.000000e-01
2.469984e-03,7.69452,5.000000e-01
2.469984e-03,7.87534,5.000000e-01
2.469984e-03,8.05616,5.000000e-01
2.469984e-03,8.23699,5.000000e-01
2.469984e-03,8.41781,5.000000e-01
2.469984e-03,8.59863,5.000000e-01
2.469984e-03,8.77945,5.000000e-01
2.469984e-03,8.96027,5.000000e-01
2.469984e-03,9.14110,5.000000e-01
2.469984e-03,9.32192,5.000000e-01
2.469984e-03,9.50274,5.000000e-01
2.469984e-03,9.68356,5.000000e-01
2.469984e-03,9.86438,5.000000e-01
3.315492e-03,0.10000,5.000000e-01
3.315492e-03,0.28082,5.000000e-01
3.315492e-03,0.46164,5.000000e-01
3.315492e-03,0.64247,5.000000e-01
3.315492e-03,0.82329,5.000000e-01
3.315492e-03,1.00411,5.000000e-01
3.315492e-03,1.18493,5.000000e-01
3.315492e-03,1.36575,4.999998e-01
3.315492e-03,1.54658,4.999935e-01
3.315492e-03,1.72740,4.998981e-01
3.315492e-03,1.90822,4.990553e-01
3.315492e-03,2.08904,4.940676e-01
3.315492e-03,2.26986,4.726902e-01
3.315492e-03,2.45068,4.051662e-01
3.315492e-03,2.63151,2.592608e-01
3.315492e-03,2.81233,8.508693e-02
3.315492e-03,2.99315,7.549825e-03
3.315492e-03,3.17397,1.278345e-03
3.315492e-03,3.35479,3.800639e-03
3.315492e-03,3.53562,1.044025e-02
3.315492e-03,3.71644,2.574202e-02
3.315492e-03,3.89726,5.724204e-02
3.315492e-03,4.07808,1.143826e-01
3.315492e-03,4.25890,2.028373e-01
3.315492e-03,4.43973,3.132663e-01
3.315492e-03,4.62055,4.151335e-01
3.315492e-03,4.80137,4.764424e-01
3.315492e-03,4.98219,4.968248e-01
3.315492e-03,5.16301,4.998463e-01
3.315492e-03,5.34384,4.999982e-01
3.315492e-03,5.52466,5.000000e-01
3.315492e-03,5.70548,5.000000e-01
3.315492e-03,5.88630,5.000000e-01
3.315492e-03,6.06712,5.000000e-01
3.315492e-03,6.24795,5.000000e-01
3.315492e-03,6.42877,5.000000e-01
3.315492e-03,6.60959,5.000000e-01
3.315492e-03,6.79041,5.000000e-01
3.315492e-03,6.97123,5.000000e-01
3.315492e-03,7.15205,5.000000e-01
3.315492e-03,7.33288,5.000000e-01
3.315492e-03,7.51370,5.000000e-01
3.315492e-03,7.69452,5.000000e-01
3.315492e-03,7.87534,5.000000e-01
3.315492e-03,8.05616,5.000000e-01
3.315492e-03,8.23699,5.000000e-01
3.315492e-03,8.41781,5.000000e-01
3.315492e-03,8.59863,5.000000e-01
3.315492e-03,8.77945,5.000000e-01
3.315492e-03,8.96027,5.000000e-01
3.315492e-03,9.14110,5.000000e-01
3.315492e-03,9.32192,5.000000e-01
3.315492e-03,9.50274,5.000000e-01
3.315492e-03,9.68356,5.000000e-01
3.315492e-03,9.86438,5.000000e-01
4.450428e-03,0.10000,5.000000e-01
4.450428e-03,0.28082,5.000000e-01
4.450428e-03,0.46164,5.000000e-01
4.450428e-03,0.64247,5.000000e-01
4.450428e-03,0.82329,5.000000e-01
4.450428e-03,1.00411,5.000000e-01
4.450428e-03,1.18493,5.000000e-01
4.450428e-03,1.36575,4.999997e-01
4.450428e-03,1.54658,4.999912e-01
4.450428e-03,1.72740,4.998633e-01
4.450428e-03,1.90822,4.987323e-01
4.450428e-03,2.08904,4.920531e-01
4.450428e-03,2.26986,4.636886e-01
4.450428e-03,2.45068,3.770228e-01
4.450428e-03,2.63151,2.070651e-01
4.450428e-03,2.81233,4.645762e-02
4.450428e-03,2.99315,2.150676e-03
4.450428e-03,3.17397,1.648630e-03
4.450428e-03,3.35479,5.094993e-03
4.450428e-03,3.53562,1.396377e-02
4.450428e-03,3.71644,3.424586e-02
4.450428e-03,3.89726,7.529146e-02
4.450428e-03,4.07808,1.471915e-01
4.450428e-03,4.25890,2.513206e-01
4.450428e-03,4.43973,3.667095e-01
4.450428e-03,4.62055,4.537539e-01
4.450428e-03,4.80137,4.917218e-01
4.450428e-03,4.98219,4.994381e-01
4.450428e-03,5.16301,4.999903e-01
4.450428e-03,5.34384,5.000000e-01
4.450428e-03,5.52466,5.000000e-01
4.450428e-03,5.70548,5.000000e-01
4.450428e-03,5.88630,5.000000e-01
4.450428e-03,6.06712,5.000000e-01
4.450428e-03,6.24795,5.000000e-01
4.450428e-03,6.42877,5.000000e-01
4.450428e-03,6.60959,5.000000e-01
4.450428e-03,6.79041,5.000000e-01
4.450428e-03,6.97123,5.000000e-01
4.450428e-03,7.15205,5.000000e-01
4.450428e-03,7.33288,5.000000e-01
4.450428e-03,7.51370,5.000000e-01
4.450428e-03,7.69452,5.000000e-01
4.450428e-03,7.87534,5.000000e-01
4.450428e-03,8.05616,5.000000e-01
4.450428e-03,8.23699,5.000000e-01
4.450428e-03,8.41781,5.000000e-01
4.450428e-03,8.59863,5.000000e-01
4.450428e-03,8.77945,5.000000e-01
4.450428e-03,8.96027,5.000000e-01
4.450428e-03,9.14110,5.000000e-01
4.450428e-03,9.32192,5.000000e-01
4.450428e-03,9.50274,5.000000e-01
4.450428e-03,9.68356,5.000000e-01
4.450428e-03,9.86438,5.000000e-01
5.973869e-03,0.10000,5.000000e-01
5.973869e-03,0.28082,5.000000e-01
5.973869e-03,0.46164,5.000000e-01
5.973869e-03,0.64247,5.000000e-01
5.973869e-03,0.82329,5.000000e-01
5.973869e-03,1.00411,5.000000e-01
5.973869e-03,1.18493,5.000000e-01
5.973869e-03,1.36575,4.999996e-01
5.973869e-03,1.54658,4.999883e-01
5.973869e-03,1.72740,4.998165e-01
5.973869e-03,1.90822,4.982991e-01
5.973869e-03,2.08904,4.893619e-01
5.973869e-03,2.26986,4.518745e-01
5.973869e-03,2.45068,3.422943e-01
5.973869e-03,2.63151,1.531332e-01
5.973869e-03,2.81233,2.068028e-02
5.973869e-03,2.99315,8.618254e-04
5.973869e-03,3.17397,2.208797e-03
5.973869e-03,3.35479,6.827121e-03
5.973869e-03,3.53562,1.865361e-02
5.973869e-03,3.71644,4.542146e-02
5.973869e-03,3.89726,9.836812e-02
5.973869e-03,4.07808,1.868862e-01
5.973869e-03,4.25890,3.042031e-01
5.973869e-03,4.43973,4.152279e-01
5.973869e-03,4.62055,4.795281e-01
5.973869e-03,4.80137,4.979664e-01
5.973869e-03,4.98219,4.999450e-01
5.973869e-03,5.16301,4.999998e-01
5.973869e-03,5.34384,5.000000e-01
5.973869e-03,5.52466,5.000000e-01
5.973869e-03,5.70548,5.000000e-01
5.973869e-03,5.88630,5.000000e-01
5.973869e-03,6.06712,5.000000e-01
5.973869e-03,6.24795,5.000000e-01
5.973869e-03,6.42877,5.000000e-01
5.973869e-03,6.60959,5.000000e-01
5.973869e-03,6.79041,5.000000e-01
5.973869e-03,6.97123,5.000000e-01
5.973869e-03,7.15205,5.000000e-01
5.973869e-03,7.33288,5.000000e-01
5.973869e-03,7.51370,5.000000e-01
5.973869e-03,7.69452,5.000000e-01
5.973869e-03,7.87534,5.000000e-01
5.973869e-03,8.05616,5.000000e-01
5.973869e-03,8.23699,5.000000e-01
5.973869e-03,8.41781,5.000000e-01
5.973869e-03,8.59863,5.000000e-01
5.973869e-03,8.77945,5.000000e-01
5.973869e-03,8.96027,5.000000e-01
5.973869e-03,9.14110,5.000000e-01
5.973869e-03,9.32192,5.000000e-01
5.973869e-03,9.50274,5.000000e-01
5.973869e-03,9.68356,5.000000e-01
5.973869e-03,9.86438,5.000000e-01
8.018804e-03,0.10000,5.000000e-01
8.018804e-03,0.28082,5.000000e-01
8.018804e-03,0.46164,5.000000e-01
8.018804e-03,0.64247,5.000000e-01
8.018804e-03,0.82329,5.000000e-01
8.018804e-03,1.00411,5.000000e-01
8.018804e-03,1.18493,5.000000e-01
8.018804e-03,1.36575,4.999995e-01
8.018804e-03,1.54658,4.999842e-01
8.018804e-03,1.72740,4.997537e-01
8.018804e-03,1.90822,4.977182e-01
8.018804e-03,2.08904,4.857725e-01
8.018804e-03,2.26986,4.364882e-01
8.018804e-03,2.45068,3.006534e-01
8.018804e-03,2.63151,1.021432e-01
8.018804e-03,2.81233,7.082359e-03
8.018804e-03,2.99315,8.513480e-04
8.018804e-03,3.17397,2.962611e-03
8.018804e-03,3.35479,9.142654e-03
8.018804e-03,3.53562,2.487778e-02
8.018804e-03,3.71644,6.000222e-02
8.018804e-03,3.89726,1.273854e-01
8.018804e-03,4.07808,2.332399e-01
8.018804e-03,4.25890,3.579543e-01
8.018804e-03,4.43973,4.538230e-01
8.018804e-03,4.62055,4.931436e-01
8.018804e-03,4.80137,4.996910e-01
8.018804e-03,4.98219,4.999976e-01
8.018804e-03,5.16301,5.000000e-01
8.018804e-03,5.34384,5.000000e-01
8.018804e-03,5.52466,5.000000e-01
8.018804e-03,5.70548,5.000000e-01
8.018804e-03,5.88630,5.000000e-01
8.018804e-03,6.06712,5.000000e-01
8.018804e-03,6.24795,5.000000e-01
8.018804e-03,6.42877,5.000000e-01
8.018804e-03,6.60959,5.000000e-01
8.018804e-03,6.79041,5.000000e-01
8.018804e-03,6.97123,5.000000e-01
8.018804e-03,7.15205,5.000000e-01
8.018804e-03,7.33288,5.000000e-01
8.018804e-03,7.51370,5.000000e-01
8.018804e-03,7.69452,5.000000e-01
8.018804e-03,7.87534,5.000000e-01
8.018804e-03,8.05616,5.000000e-01
8.018804e-03,8.23699,5.000000e-01
8.018804e-03,8.41781,5.000000e-01
8.018804e-03,8.59863,5.000000e-01
8.018804e-03,8.77945,5.000000e-01
8.018804e-03,8.96027,5.000000e-01
8.018804e-03,9.14110,5.000000e-01
8.018804e-03,9.32192,5.000000e-01
8.018804e-03,9.50274,5.000000e-01
8.018804e-03,9.68356,5.000000e-01
8.018804e-03,9.86438,5.000000e-01
